Order ID,Amount,Profit,Quantity,Category,Sub-Category,PaymentMode,Cost,Avg_Price
B-25696,$275,($275),4,Clothing,Saree,COD,$550,$68.8
B-25675,$929,($93),9,Clothing,Saree,COD,"$1,022",$103.2
B-25650,$512,($225),5,Clothing,Saree,COD,$737,$102.4
B-25787,$556,($209),7,Clothing,Saree,COD,$765,$79.4
B-25691,$714,$56,4,Clothing,Saree,COD,$658,$178.5
B-25831,$693,$254,6,Clothing,Saree,COD,$439,$115.5
B-25796,$632,($316),6,Clothing,Saree,COD,$948,$105.3
B-25693,$632,$316,6,Clothing,Saree,COD,$316,$105.3
B-25785,$595,$292,3,Clothing,Saree,COD,$303,$198.3
B-25602,$561,$212,3,Clothing,Saree,COD,$349,$187.0
B-25828,$537,$107,3,Clothing,Saree,COD,$430,$179.0
B-25651,$457,($41),4,Clothing,Saree,COD,$498,$114.3
B-26055,$443,$11,1,Clothing,Saree,COD,$432,$443.0
B-26056,$424,$161,2,Clothing,Saree,COD,$263,$212.0
B-25703,$97,($45),4,Clothing,Saree,COD,$142,$24.3
B-25933,$412,$412,6,Clothing,Saree,COD,$0,$68.7
B-26098,$409,$86,3,Clothing,Saree,COD,$323,$136.3
B-25656,$406,$126,2,Clothing,Saree,COD,$280,$203.0
B-26060,$382,$68,3,Clothing,Saree,COD,$314,$127.3
B-25686,$381,($13),2,Clothing,Saree,COD,$394,$190.5
B-25854,$381,$144,2,Clothing,Saree,COD,$237,$190.5
B-25745,$296,$225,11,Clothing,Saree,COD,$71,$26.9
B-26035,$291,$119,11,Clothing,Saree,COD,$172,$26.5
B-25856,$257,$3,2,Clothing,Saree,COD,$254,$128.5
B-25660,$245,($78),3,Clothing,Saree,COD,$323,$81.7
B-25858,$245,$30,2,Clothing,Saree,COD,$215,$122.5
B-25650,$238,$20,2,Clothing,Saree,COD,$218,$119.0
B-26076,$219,$4,2,Clothing,Saree,COD,$215,$109.5
B-25703,$47,($27),4,Clothing,Saree,COD,$74,$11.8
B-25858,$219,$0,1,Clothing,Saree,COD,$219,$219.0
B-25999,$215,($30),2,Clothing,Saree,COD,$245,$107.5
B-25950,$136,($33),5,Clothing,Saree,COD,$169,$27.2
B-25655,$396,($31),9,Clothing,Saree,COD,$427,$44.0
B-25957,$209,$2,1,Clothing,Saree,COD,$207,$209.0
B-25750,$208,($25),2,Clothing,Saree,COD,$233,$104.0
B-25652,$206,($206),3,Clothing,Saree,COD,$412,$68.7
B-25750,$199,($18),2,Clothing,Saree,COD,$217,$99.5
B-25785,$192,($146),3,Clothing,Saree,COD,$338,$64.0
B-25680,$73,($25),3,Clothing,Saree,COD,$98,$24.3
B-25791,$175,$77,3,Clothing,Saree,COD,$98,$58.3
B-25785,$268,($25),3,Clothing,Saree,COD,$293,$89.3
B-25651,$159,$4,1,Clothing,Saree,COD,$155,$159.0
B-25623,$149,($87),4,Clothing,Saree,COD,$236,$37.3
B-25673,$149,($1),1,Clothing,Saree,COD,$150,$149.0
B-25796,$148,$0,3,Clothing,Saree,COD,$148,$49.3
B-26004,$147,$44,3,Clothing,Saree,COD,$103,$49.0
B-25952,$147,$48,3,Clothing,Saree,COD,$99,$49.0
B-25825,$140,$6,5,Clothing,Saree,COD,$134,$28.0
B-25717,$138,($3),5,Clothing,Saree,COD,$141,$27.6
B-26085,$132,($10),3,Clothing,Saree,COD,$142,$44.0
B-25853,$128,$4,3,Clothing,Saree,COD,$124,$42.7
B-25646,$299,($8),2,Clothing,Saree,COD,$307,$149.5
B-25696,$116,($4),1,Clothing,Saree,COD,$120,$116.0
B-25696,$168,($9),3,Clothing,Saree,COD,$177,$56.0
B-25778,$109,($6),6,Clothing,Saree,COD,$115,$18.2
B-25678,$64,($7),3,Clothing,Saree,COD,$71,$21.3
B-25761,$102,($90),1,Clothing,Saree,COD,$192,$102.0
B-25609,$249,($5),4,Clothing,Saree,COD,$254,$62.3
B-26054,$88,$20,2,Clothing,Saree,COD,$68,$44.0
B-25683,$86,($55),6,Clothing,Saree,COD,$141,$14.3
B-26085,$86,$22,2,Clothing,Saree,COD,$64,$43.0
B-25869,$86,$9,3,Clothing,Saree,COD,$77,$28.7
B-25773,$85,($9),4,Clothing,Saree,COD,$94,$21.3
B-25999,$152,($3),5,Clothing,Saree,COD,$155,$30.4
B-25902,$79,$6,7,Clothing,Saree,COD,$73,$11.3
B-25679,$76,($50),1,Clothing,Saree,COD,$126,$76.0
B-25954,$891,$0,5,Clothing,Saree,COD,$891,$178.2
B-25851,$62,$1,3,Clothing,Saree,COD,$61,$20.7
B-25656,$61,($23),2,Clothing,Saree,COD,$84,$30.5
B-25740,$58,($8),2,Clothing,Saree,COD,$66,$29.0
B-25861,$128,$4,3,Clothing,Saree,COD,$124,$42.7
B-25856,$48,$6,1,Clothing,Saree,COD,$42,$48.0
B-25801,$64,$6,4,Clothing,Saree,COD,$58,$16.0
B-25964,$89,$6,5,Clothing,Saree,COD,$83,$17.8
B-26002,$141,$7,7,Clothing,Saree,COD,$134,$20.1
B-25654,$54,($3),3,Clothing,Saree,COD,$57,$18.0
B-26012,$199,$8,2,Clothing,Saree,COD,$191,$99.5
B-25751,$43,($5),2,Clothing,Saree,COD,$48,$21.5
B-25899,$43,$17,1,Clothing,Saree,COD,$26,$43.0
B-26081,$637,$50,5,Clothing,Saree,COD,$587,$127.4
B-25898,$499,$33,4,Clothing,Saree,COD,$466,$124.8
B-26083,$34,$3,3,Clothing,Saree,COD,$31,$11.3
B-26015,$128,$55,1,Clothing,Saree,COD,$73,$128.0
B-25822,$34,$13,2,Clothing,Saree,COD,$21,$17.0
B-25909,$168,$56,3,Clothing,Saree,COD,$112,$56.0
B-25798,$379,$63,2,Clothing,Saree,COD,$316,$189.5
B-25702,$31,($3),4,Clothing,Saree,COD,$34,$7.8
B-25767,$29,($3),3,Clothing,Saree,COD,$32,$9.7
B-25619,$353,$90,8,Clothing,Saree,COD,$263,$44.1
B-25856,$689,$90,5,Clothing,Saree,COD,$599,$137.8
B-25814,$462,$169,4,Clothing,Saree,COD,$293,$115.5
B-26061,$642,$180,5,Clothing,Saree,COD,$462,$128.4
B-25890,$465,$207,9,Clothing,Saree,COD,$258,$51.7
B-25855,"$1,027",$441,8,Clothing,Saree,COD,$586,$128.4
B-25656,"$1,389",$680,7,Clothing,Saree,COD,$709,$198.4
B-25703,$231,($190),9,Clothing,Hankerchief,COD,$421,$25.7
B-25714,$11,($5),2,Clothing,Hankerchief,COD,$16,$5.5
B-25667,$11,($2),4,Clothing,Hankerchief,COD,$13,$2.8
B-25735,$12,($2),3,Clothing,Hankerchief,COD,$14,$4.0
B-25693,$76,($72),9,Clothing,Hankerchief,COD,$148,$8.4
B-25656,$24,($1),2,Clothing,Hankerchief,COD,$25,$12.0
B-25850,$93,($1),2,Clothing,Hankerchief,COD,$94,$46.5
B-25821,$17,$0,1,Clothing,Hankerchief,COD,$17,$17.0
B-25603,$12,$1,2,Clothing,Hankerchief,COD,$11,$6.0
B-25850,$24,$1,4,Clothing,Hankerchief,COD,$23,$6.0
B-25852,$24,$1,2,Clothing,Hankerchief,COD,$23,$12.0
B-25996,$31,$2,2,Clothing,Hankerchief,COD,$29,$15.5
B-25656,$6,$3,1,Clothing,Hankerchief,COD,$3,$6.0
B-25940,$13,$3,2,Clothing,Hankerchief,COD,$10,$6.5
B-25881,$37,$3,3,Clothing,Hankerchief,COD,$34,$12.3
B-26016,$202,$4,4,Clothing,Hankerchief,COD,$198,$50.5
B-26067,$53,$2,4,Clothing,Hankerchief,COD,$51,$13.3
B-25973,$398,$111,8,Clothing,Hankerchief,COD,$287,$49.8
B-26064,$61,$3,4,Clothing,Hankerchief,COD,$58,$15.3
B-26089,$27,$4,1,Clothing,Hankerchief,COD,$23,$27.0
B-25751,$32,$7,3,Clothing,Hankerchief,COD,$25,$10.7
B-25608,$257,$23,5,Clothing,Hankerchief,COD,$234,$51.4
B-26026,$255,$76,9,Clothing,Hankerchief,COD,$179,$28.3
B-26054,$246,$98,5,Clothing,Hankerchief,COD,$148,$49.2
B-26056,$15,$6,2,Clothing,Hankerchief,COD,$9,$7.5
B-25809,$154,$54,3,Clothing,Hankerchief,COD,$100,$51.3
B-25771,$148,$59,3,Clothing,Hankerchief,COD,$89,$49.3
B-25818,$28,$14,4,Clothing,Hankerchief,COD,$14,$7.0
B-26003,$128,$47,4,Clothing,Hankerchief,COD,$81,$32.0
B-26073,$122,$11,4,Clothing,Hankerchief,COD,$111,$30.5
B-25855,$90,$17,3,Clothing,Hankerchief,COD,$73,$30.0
B-25896,$103,$36,2,Clothing,Hankerchief,COD,$67,$51.5
B-25711,$100,($58),4,Clothing,Hankerchief,COD,$158,$25.0
B-25838,$81,$19,7,Clothing,Hankerchief,COD,$62,$11.6
B-25854,$76,$19,3,Clothing,Hankerchief,COD,$57,$25.3
B-25838,$70,$26,5,Clothing,Hankerchief,COD,$44,$14.0
B-25751,$65,($4),6,Clothing,Hankerchief,COD,$69,$10.8
B-25861,$62,$6,5,Clothing,Hankerchief,COD,$56,$12.4
B-25798,$61,($50),4,Clothing,Hankerchief,COD,$111,$15.3
B-25781,$60,($49),8,Clothing,Hankerchief,COD,$109,$7.5
B-25956,$59,$10,2,Clothing,Hankerchief,COD,$49,$29.5
B-25930,$58,$17,2,Clothing,Hankerchief,COD,$41,$29.0
B-25743,$56,$0,4,Clothing,Hankerchief,COD,$56,$14.0
B-25935,$150,$32,3,Clothing,Hankerchief,COD,$118,$50.0
B-25947,$290,$35,6,Clothing,Hankerchief,COD,$255,$48.3
B-25638,$154,$39,3,Clothing,Hankerchief,COD,$115,$51.3
B-26099,$207,$37,4,Clothing,Hankerchief,COD,$170,$51.8
B-26093,$49,$5,4,Clothing,Hankerchief,COD,$44,$12.3
B-25997,$48,$15,1,Clothing,Hankerchief,COD,$33,$48.0
B-26050,$284,$44,6,Clothing,Hankerchief,COD,$240,$47.3
B-26087,$46,$13,3,Clothing,Hankerchief,COD,$33,$15.3
B-25852,$45,$12,4,Clothing,Hankerchief,COD,$33,$11.3
B-25953,$44,$2,3,Clothing,Hankerchief,COD,$42,$14.7
B-25952,$44,$14,3,Clothing,Hankerchief,COD,$30,$14.7
B-25999,$222,$74,5,Clothing,Hankerchief,COD,$148,$44.4
B-25843,$255,$74,5,Clothing,Hankerchief,COD,$181,$51.0
B-25616,$42,$12,5,Clothing,Hankerchief,COD,$30,$8.4
B-25830,$41,$11,6,Clothing,Hankerchief,COD,$30,$6.8
B-25854,$40,$16,3,Clothing,Hankerchief,COD,$24,$13.3
B-25833,$36,$4,9,Clothing,Hankerchief,COD,$32,$4.0
B-25956,$33,$10,3,Clothing,Hankerchief,COD,$23,$11.0
B-25897,$33,$10,3,Clothing,Hankerchief,COD,$23,$11.0
B-26056,$33,$9,2,Clothing,Hankerchief,COD,$24,$16.5
B-25701,$33,($12),5,Clothing,Hankerchief,COD,$45,$6.6
B-26046,$32,$3,8,Clothing,Hankerchief,COD,$29,$4.0
B-26056,$31,$9,2,Clothing,Hankerchief,COD,$22,$15.5
B-25907,$30,$11,5,Clothing,Hankerchief,COD,$19,$6.0
B-26058,$212,$97,7,Clothing,Hankerchief,COD,$115,$30.3
B-25753,$27,($20),2,Clothing,Hankerchief,COD,$47,$13.5
B-25864,$27,$9,2,Clothing,Hankerchief,COD,$18,$13.5
B-25698,$27,($6),4,Clothing,Hankerchief,COD,$33,$6.8
B-25783,$26,$2,2,Clothing,Hankerchief,COD,$24,$13.0
B-25943,$26,$7,4,Clothing,Hankerchief,COD,$19,$6.5
B-25624,$26,$12,3,Clothing,Hankerchief,COD,$14,$8.7
B-25884,$24,$2,4,Clothing,Hankerchief,COD,$22,$6.0
B-25949,$24,$11,3,Clothing,Hankerchief,COD,$13,$8.0
B-25733,$23,($6),4,Clothing,Hankerchief,COD,$29,$5.8
B-25616,$22,($2),3,Clothing,Hankerchief,COD,$24,$7.3
B-25858,$22,$8,3,Clothing,Hankerchief,COD,$14,$7.3
B-25793,$18,$1,3,Clothing,Hankerchief,COD,$17,$6.0
B-26010,$18,$2,3,Clothing,Hankerchief,COD,$16,$6.0
B-25997,$16,$6,3,Clothing,Hankerchief,COD,$10,$5.3
B-25848,$16,$8,2,Clothing,Hankerchief,COD,$8,$8.0
B-25670,$14,$2,1,Clothing,Hankerchief,COD,$12,$14.0
B-25757,$14,$5,1,Clothing,Hankerchief,COD,$9,$14.0
B-25656,$13,($1),3,Clothing,Hankerchief,COD,$14,$4.3
B-26001,$13,$0,2,Clothing,Hankerchief,COD,$13,$6.5
B-25979,$12,$1,2,Clothing,Hankerchief,COD,$11,$6.0
B-25851,$10,$2,2,Clothing,Hankerchief,COD,$8,$5.0
B-25652,$9,($6),2,Clothing,Hankerchief,COD,$15,$4.5
B-25752,$8,($2),2,Clothing,Hankerchief,COD,$10,$4.0
B-25655,$7,($4),3,Clothing,Hankerchief,COD,$11,$2.3
B-25873,$7,$1,1,Clothing,Hankerchief,COD,$6,$7.0
B-25700,$7,($3),2,Clothing,Hankerchief,COD,$10,$3.5
B-25698,$7,($2),1,Clothing,Hankerchief,COD,$9,$7.0
B-25816,$391,$113,8,Clothing,Stole,COD,$278,$48.9
B-25957,$147,$73,3,Clothing,Stole,COD,$74,$49.0
B-26062,$44,($40),3,Clothing,Stole,COD,$84,$14.7
B-26087,$180,$0,8,Clothing,Stole,COD,$180,$22.5
B-25837,$263,$50,5,Clothing,Stole,COD,$213,$52.6
B-26053,$85,$2,6,Clothing,Stole,COD,$83,$14.2
B-25603,$107,$36,6,Clothing,Stole,COD,$71,$17.8
B-25987,$299,$0,6,Clothing,Stole,COD,$299,$49.8
B-25977,$74,$29,3,Clothing,Stole,COD,$45,$24.7
B-25752,$76,$27,5,Clothing,Stole,COD,$49,$15.2
B-26030,$50,$25,5,Clothing,Stole,COD,$25,$10.0
B-25850,$148,$24,3,Clothing,Stole,COD,$124,$49.3
B-26055,$227,$48,5,Clothing,Stole,COD,$179,$45.4
B-26051,$216,$50,4,Clothing,Stole,COD,$166,$54.0
B-25757,$211,$19,8,Clothing,Stole,COD,$192,$26.4
B-25863,$189,$87,7,Clothing,Stole,COD,$102,$27.0
B-25757,$165,$30,3,Clothing,Stole,COD,$135,$55.0
B-26053,$162,$55,3,Clothing,Stole,COD,$107,$54.0
B-25838,$161,$40,3,Clothing,Stole,COD,$121,$53.7
B-26054,$156,$23,3,Clothing,Stole,COD,$133,$52.0
B-26094,$152,$50,6,Clothing,Stole,COD,$102,$25.3
B-25854,$149,$48,6,Clothing,Stole,COD,$101,$24.8
B-26038,$52,$14,2,Clothing,Stole,COD,$38,$26.0
B-25873,$66,$12,3,Clothing,Stole,COD,$54,$22.0
B-26065,$146,$19,5,Clothing,Stole,COD,$127,$29.2
B-25765,$139,$14,3,Clothing,Stole,COD,$125,$46.3
B-25845,$132,$54,5,Clothing,Stole,COD,$78,$26.4
B-25719,$29,$10,2,Clothing,Stole,COD,$19,$14.5
B-25882,$121,$19,4,Clothing,Stole,COD,$102,$30.3
B-25951,$120,$23,5,Clothing,Stole,COD,$97,$24.0
B-26040,$38,$9,2,Clothing,Stole,COD,$29,$19.0
B-25603,$116,$16,4,Clothing,Stole,COD,$100,$29.0
B-25993,$44,$8,2,Clothing,Stole,COD,$36,$22.0
B-25825,$115,$25,6,Clothing,Stole,COD,$90,$19.2
B-25970,$111,$9,4,Clothing,Stole,COD,$102,$27.8
B-25802,$95,$5,2,Clothing,Stole,COD,$90,$47.5
B-25864,$100,$6,4,Clothing,Stole,COD,$94,$25.0
B-25981,$48,$2,3,Clothing,Stole,COD,$46,$16.0
B-25810,$92,$42,2,Clothing,Stole,COD,$50,$46.0
B-26025,$32,$1,2,Clothing,Stole,COD,$31,$16.0
B-26005,$87,$10,3,Clothing,Stole,COD,$77,$29.0
B-25906,$78,$27,3,Clothing,Stole,COD,$51,$26.0
B-25670,$74,$29,3,Clothing,Stole,COD,$45,$24.7
B-25792,$74,($25),3,Clothing,Stole,COD,$99,$24.7
B-25697,$67,($42),3,Clothing,Stole,COD,$109,$22.3
B-25708,$32,($8),2,Clothing,Stole,COD,$40,$16.0
B-25821,$60,$21,4,Clothing,Stole,COD,$39,$15.0
B-25706,$31,($11),4,Clothing,Stole,COD,$42,$7.8
B-25938,$59,$25,3,Clothing,Stole,COD,$34,$19.7
B-25750,$22,($12),3,Clothing,Stole,COD,$34,$7.3
B-25999,$26,($17),1,Clothing,Stole,COD,$43,$26.0
B-25940,$55,$4,2,Clothing,Stole,COD,$51,$27.5
B-25627,$55,($39),4,Clothing,Stole,COD,$94,$13.8
B-25950,$54,$27,2,Clothing,Stole,COD,$27,$27.0
B-26054,$139,$36,3,Clothing,Stole,COD,$103,$46.3
B-25757,$53,$15,2,Clothing,Stole,COD,$38,$26.5
B-25623,$53,$1,4,Clothing,Stole,COD,$52,$13.3
B-25922,$52,$18,2,Clothing,Stole,COD,$34,$26.0
B-25866,$51,$14,2,Clothing,Stole,COD,$37,$25.5
B-26062,$50,($17),2,Clothing,Stole,COD,$67,$25.0
B-25775,$50,($17),2,Clothing,Stole,COD,$67,$25.0
B-25722,$48,($8),8,Clothing,Stole,COD,$56,$6.0
B-25996,$47,$1,2,Clothing,Stole,COD,$46,$23.5
B-25798,$47,($3),2,Clothing,Stole,COD,$50,$23.5
B-25833,$45,$16,3,Clothing,Stole,COD,$29,$15.0
B-25985,$44,$11,4,Clothing,Stole,COD,$33,$11.0
B-25954,$44,$10,3,Clothing,Stole,COD,$34,$14.7
B-25801,$49,($31),2,Clothing,Stole,COD,$80,$24.5
B-25897,$43,$5,3,Clothing,Stole,COD,$38,$14.3
B-26087,$40,$10,2,Clothing,Stole,COD,$30,$20.0
B-26085,$40,$17,2,Clothing,Stole,COD,$23,$20.0
B-25630,$40,($7),3,Clothing,Stole,COD,$47,$13.3
B-25740,$40,($37),3,Clothing,Stole,COD,$77,$13.3
B-26050,$38,$9,2,Clothing,Stole,COD,$29,$19.0
B-26078,$137,$63,3,Clothing,Stole,COD,$74,$45.7
B-26075,$34,$12,2,Clothing,Stole,COD,$22,$17.0
B-25753,$77,($43),8,Clothing,Stole,COD,$120,$9.6
B-25933,$81,($44),3,Clothing,Stole,COD,$125,$27.0
B-25733,$30,($10),2,Clothing,Stole,COD,$40,$15.0
B-26010,$29,$3,2,Clothing,Stole,COD,$26,$14.5
B-25649,$27,($25),2,Clothing,Stole,COD,$52,$13.5
B-25723,$26,($24),1,Clothing,Stole,COD,$50,$26.0
B-26052,$25,$7,2,Clothing,Stole,COD,$18,$12.5
B-26008,$22,$4,1,Clothing,Stole,COD,$18,$22.0
B-25691,$17,($9),3,Clothing,Stole,COD,$26,$5.7
B-25807,$16,$6,1,Clothing,Stole,COD,$10,$16.0
B-26062,$13,($2),1,Clothing,Stole,COD,$15,$13.0
B-25989,$10,$5,1,Clothing,Stole,COD,$5,$10.0
B-25758,$8,($2),1,Clothing,Stole,COD,$10,$8.0
B-25707,$8,($6),1,Clothing,Stole,COD,$14,$8.0
B-25851,$135,($54),5,Clothing,Kurti,COD,$189,$27.0
B-25845,$82,($33),4,Clothing,Kurti,COD,$115,$20.5
B-25860,$112,$24,3,Clothing,Kurti,COD,$88,$37.3
B-25808,$63,($17),6,Clothing,Leggings,COD,$80,$10.5
B-25607,$50,($15),4,Clothing,Leggings,COD,$65,$12.5
B-25911,$40,$15,1,Clothing,Kurti,COD,$25,$40.0
B-25662,$24,($2),2,Clothing,T-shirt,COD,$26,$12.0
B-26019,$585,$175,13,Clothing,T-shirt,COD,$410,$45.0
B-25803,$536,$91,1,Clothing,Trousers,COD,$445,$536.0
B-25681,$523,$204,7,Clothing,Trousers,COD,$319,$74.7
B-25873,$42,$12,2,Clothing,Kurti,COD,$30,$21.0
B-25858,$29,$11,4,Clothing,Skirt,COD,$18,$7.3
B-25633,$496,($79),2,Clothing,Trousers,COD,$575,$248.0
B-25980,$22,$11,3,Clothing,Kurti,COD,$11,$7.3
B-25835,$52,$11,5,Clothing,Leggings,COD,$41,$10.4
B-25893,$61,$11,3,Clothing,Kurti,COD,$50,$20.3
B-25743,$503,($56),2,Clothing,Trousers,COD,$559,$251.5
B-25630,$34,($22),4,Clothing,T-shirt,COD,$56,$8.5
B-25727,$327,$114,4,Clothing,Trousers,COD,$213,$81.8
B-26050,$325,$32,7,Clothing,T-shirt,COD,$293,$46.4
B-25787,$40,($12),3,Clothing,Shirt,COD,$52,$13.3
B-25896,$287,($66),6,Clothing,Kurti,COD,$353,$47.8
B-26030,$11,$5,1,Clothing,Skirt,COD,$6,$11.0
B-26096,$264,($26),3,Clothing,Trousers,COD,$290,$88.0
B-25673,$45,($2),4,Clothing,Shirt,COD,$47,$11.3
B-25951,$250,$100,3,Clothing,Trousers,COD,$150,$83.3
B-26053,$27,$6,3,Clothing,Skirt,COD,$21,$9.0
B-25961,$48,$16,3,Clothing,Shirt,COD,$32,$16.0
B-26057,$224,$87,3,Clothing,Trousers,COD,$137,$74.7
B-25999,$223,$62,7,Clothing,Shirt,COD,$161,$31.9
B-25856,$10,$2,2,Clothing,Skirt,COD,$8,$5.0
B-26083,$43,$8,3,Clothing,Leggings,COD,$35,$14.3
B-26055,$213,$4,14,Clothing,Shirt,COD,$209,$15.2
B-26010,$55,$3,3,Clothing,T-shirt,COD,$52,$18.3
B-25872,$57,$27,2,Clothing,Shirt,COD,$30,$28.5
B-25991,$188,$13,7,Clothing,Shirt,COD,$175,$26.9
B-25737,$187,($15),3,Clothing,Trousers,COD,$202,$62.3
B-25908,$179,($25),5,Clothing,Kurti,COD,$204,$35.8
B-25651,$7,$0,1,Clothing,Leggings,COD,$7,$7.0
B-25954,$27,$0,2,Clothing,Leggings,COD,$27,$13.5
B-26002,$71,$19,3,Clothing,T-shirt,COD,$52,$23.7
B-25818,$36,$0,4,Clothing,Kurti,COD,$36,$9.0
B-25878,$46,$0,4,Clothing,Leggings,COD,$46,$11.5
B-25753,$154,$22,7,Clothing,T-shirt,COD,$132,$22.0
B-25764,$26,$0,2,Clothing,Kurti,COD,$26,$13.0
B-26003,$79,$16,3,Clothing,T-shirt,COD,$63,$26.3
B-25781,$25,($1),4,Clothing,Kurti,COD,$26,$6.3
B-25803,$137,$5,5,Clothing,Shirt,COD,$132,$27.4
B-25874,$124,$54,5,Clothing,T-shirt,COD,$70,$24.8
B-25717,$90,$17,3,Clothing,Shirt,COD,$73,$30.0
B-25757,$34,($11),5,Clothing,T-shirt,COD,$45,$6.8
B-25777,$117,$17,6,Clothing,Kurti,COD,$100,$19.5
B-26098,$46,$14,5,Clothing,Skirt,COD,$32,$9.2
B-25697,$115,($39),3,Clothing,Trousers,COD,$154,$38.3
B-26089,$139,$14,3,Clothing,Kurti,COD,$125,$46.3
B-25652,$34,($6),4,Clothing,Leggings,COD,$40,$8.5
B-25701,$10,($8),2,Clothing,Skirt,COD,$18,$5.0
B-25852,$105,($33),5,Clothing,Kurti,COD,$138,$21.0
B-25912,$102,$11,6,Clothing,T-shirt,COD,$91,$17.0
B-25656,$101,$18,9,Clothing,Skirt,COD,$83,$11.2
B-26052,$101,$16,4,Clothing,T-shirt,COD,$85,$25.3
B-25886,$107,$37,3,Clothing,Shirt,COD,$70,$35.7
B-25655,$97,($62),2,Clothing,Trousers,COD,$159,$48.5
B-26033,$111,$35,5,Clothing,Shirt,COD,$76,$22.2
B-26055,$94,$27,2,Clothing,T-shirt,COD,$67,$47.0
B-25801,$21,($10),4,Clothing,Leggings,COD,$31,$5.3
B-25851,$90,$29,5,Clothing,T-shirt,COD,$61,$18.0
B-25901,$90,$27,2,Clothing,T-shirt,COD,$63,$45.0
B-25956,$89,($37),4,Clothing,Shirt,COD,$126,$22.3
B-25698,$87,($83),5,Clothing,Kurti,COD,$170,$17.4
B-25606,$87,$4,2,Clothing,Shirt,COD,$83,$43.5
B-25952,$87,($32),9,Clothing,Skirt,COD,$119,$9.7
B-25959,$132,$49,3,Clothing,Shirt,COD,$83,$44.0
B-25858,$82,$13,2,Clothing,Shirt,COD,$69,$41.0
B-25988,$79,($124),9,Clothing,Skirt,COD,$203,$8.8
B-25676,$79,$36,4,Clothing,Shirt,COD,$43,$19.8
B-26100,$72,$16,2,Clothing,Shirt,COD,$56,$36.0
B-25830,$71,$0,8,Clothing,Skirt,COD,$71,$8.9
B-25886,$63,$1,4,Clothing,T-shirt,COD,$62,$15.8
B-25945,$63,$14,2,Clothing,Shirt,COD,$49,$31.5
B-25996,$62,$6,6,Clothing,Skirt,COD,$56,$10.3
B-25867,$163,$26,4,Clothing,Shirt,COD,$137,$40.8
B-26076,$60,$13,2,Clothing,T-shirt,COD,$47,$30.0
B-25652,$24,($21),7,Clothing,Skirt,COD,$45,$3.4
B-26091,$59,$10,4,Clothing,Leggings,COD,$49,$14.8
B-25879,$57,($28),2,Clothing,Kurti,COD,$85,$28.5
B-26008,$57,$24,5,Clothing,Leggings,COD,$33,$11.4
B-25851,$57,$27,2,Clothing,T-shirt,COD,$30,$28.5
B-26074,$57,$21,4,Clothing,Leggings,COD,$36,$14.3
B-26047,$55,$12,5,Clothing,Skirt,COD,$43,$11.0
B-26069,$55,$18,2,Clothing,Kurti,COD,$37,$27.5
B-26027,$54,$8,4,Clothing,T-shirt,COD,$46,$13.5
B-26080,$109,$35,6,Clothing,T-shirt,COD,$74,$18.2
B-26070,$54,$12,4,Clothing,Shirt,COD,$42,$13.5
B-25898,$53,$5,3,Clothing,T-shirt,COD,$48,$17.7
B-25843,$50,$7,6,Clothing,Skirt,COD,$43,$8.3
B-25651,$49,$3,1,Clothing,Shirt,COD,$46,$49.0
B-25793,$63,($24),6,Clothing,Kurti,COD,$87,$10.5
B-25954,$48,$11,2,Clothing,Shirt,COD,$37,$24.0
B-25940,$46,$0,4,Clothing,Leggings,COD,$46,$11.5
B-25628,$45,$13,4,Clothing,Skirt,COD,$32,$11.3
B-25785,$45,$0,2,Clothing,T-shirt,COD,$45,$22.5
B-25810,$45,$6,3,Clothing,Shirt,COD,$39,$15.0
B-25685,$45,($2),4,Clothing,Shirt,COD,$47,$11.3
B-26000,$43,($10),4,Clothing,Skirt,COD,$53,$10.8
B-25630,$114,($39),5,Clothing,Kurti,COD,$153,$22.8
B-25751,$43,$21,3,Clothing,Shirt,COD,$22,$14.3
B-25981,$42,$13,3,Clothing,Leggings,COD,$29,$14.0
B-25896,$42,$7,2,Clothing,Kurti,COD,$35,$21.0
B-25630,$42,($26),2,Clothing,Kurti,COD,$68,$21.0
B-25930,$40,$13,3,Clothing,T-shirt,COD,$27,$13.3
B-25973,$39,$14,5,Clothing,Leggings,COD,$25,$7.8
B-25603,$38,$18,1,Clothing,Kurti,COD,$20,$38.0
B-25893,$223,$62,7,Clothing,Shirt,COD,$161,$31.9
B-25961,$34,($10),3,Clothing,Skirt,COD,$44,$11.3
B-25753,$62,($56),5,Clothing,Kurti,COD,$118,$12.4
B-25699,$34,($13),5,Clothing,Leggings,COD,$47,$6.8
B-25687,$51,$21,3,Clothing,T-shirt,COD,$30,$17.0
B-25961,$34,($12),5,Clothing,Leggings,COD,$46,$6.8
B-25910,$33,$1,2,Clothing,Shirt,COD,$32,$16.5
B-25676,$32,$6,3,Clothing,Shirt,COD,$26,$10.7
B-25889,$31,$10,1,Clothing,Kurti,COD,$21,$31.0
B-25900,$140,$68,5,Clothing,T-shirt,COD,$72,$28.0
B-25690,$31,($10),3,Clothing,Skirt,COD,$41,$10.3
B-25781,$30,($25),2,Clothing,T-shirt,COD,$55,$15.0
B-26038,$30,$6,1,Clothing,T-shirt,COD,$24,$30.0
B-25789,$30,$0,1,Clothing,Kurti,COD,$30,$30.0
B-25902,"$1,700",$85,3,Clothing,Trousers,COD,"$1,615",$566.7
B-26013,$29,($10),3,Clothing,Skirt,COD,$39,$9.7
B-25975,$29,$2,3,Clothing,Skirt,COD,$27,$9.7
B-25756,$29,($24),4,Clothing,Leggings,COD,$53,$7.3
B-26044,$28,($10),3,Clothing,Skirt,COD,$38,$9.3
B-25919,$28,$4,1,Clothing,T-shirt,COD,$24,$28.0
B-25899,$28,$6,4,Clothing,Skirt,COD,$22,$7.0
B-25858,$27,$5,2,Clothing,Skirt,COD,$22,$13.5
B-25762,$27,$4,3,Clothing,Skirt,COD,$23,$9.0
B-25881,$26,$9,2,Clothing,Leggings,COD,$17,$13.0
B-25802,$23,($3),1,Clothing,Shirt,COD,$26,$23.0
B-25896,$23,$4,2,Clothing,Skirt,COD,$19,$11.5
B-25753,$107,$31,5,Clothing,T-shirt,COD,$76,$21.4
B-25864,$22,$8,2,Clothing,Leggings,COD,$14,$11.0
B-25703,$22,($15),4,Clothing,Kurti,COD,$37,$5.5
B-25764,$119,$43,5,Clothing,T-shirt,COD,$76,$23.8
B-25781,$767,($353),5,Clothing,Trousers,COD,"$1,120",$153.4
B-25783,$21,($17),3,Clothing,Shirt,COD,$38,$7.0
B-25800,$21,($6),3,Clothing,Leggings,COD,$27,$7.0
B-26059,$20,$6,1,Clothing,T-shirt,COD,$14,$20.0
B-26056,$19,($18),4,Clothing,Kurti,COD,$37,$4.8
B-26078,$17,$8,2,Clothing,Skirt,COD,$9,$8.5
B-25651,$16,($10),2,Clothing,T-shirt,COD,$26,$8.0
B-26052,$15,$1,1,Clothing,Shirt,COD,$14,$15.0
B-25828,$15,$2,1,Clothing,Leggings,COD,$13,$15.0
B-25751,$14,($3),2,Clothing,Leggings,COD,$17,$7.0
B-25687,$14,($1),4,Clothing,Kurti,COD,$15,$3.5
B-25710,$13,($8),1,Clothing,T-shirt,COD,$21,$13.0
B-25982,$13,$3,1,Clothing,Leggings,COD,$10,$13.0
B-25693,$13,($13),2,Clothing,Skirt,COD,$26,$6.5
B-25802,$13,($9),2,Clothing,Skirt,COD,$22,$6.5
B-25651,$11,($4),2,Clothing,Skirt,COD,$15,$5.5
B-25603,"$1,355",($60),5,Clothing,Trousers,COD,"$1,415",$271.0
B-25883,$10,($2),2,Clothing,Leggings,COD,$12,$5.0
B-26099,$9,$3,1,Clothing,Skirt,COD,$6,$9.0
B-25629,"$1,560",$421,3,Clothing,Trousers,COD,"$1,139",$520.0
B-25767,$9,($9),2,Clothing,Kurti,COD,$18,$4.5
B-25748,$8,($1),2,Clothing,Leggings,COD,$9,$4.0
B-25740,$7,$0,2,Clothing,Skirt,COD,$7,$3.5
B-25681,"$1,096",$658,7,Electronics,Electronic Games,COD,$438,$156.6
B-25779,"$1,361",$980,3,Furniture,Tables,COD,$381,$453.7
B-26061,$965,($68),3,Electronics,Printers,COD,"$1,033",$321.7
B-25666,$934,($916),7,Electronics,Electronic Games,COD,"$1,850",$133.4
B-25850,$916,$192,11,Electronics,Phones,COD,$724,$83.3
B-25852,$869,$67,4,Furniture,Tables,COD,$802,$217.3
B-25651,$823,($18),7,Furniture,Chairs,COD,$841,$117.6
B-26052,$774,$170,3,Electronics,Accessories,COD,$604,$258.0
B-26033,$774,$170,3,Electronics,Accessories,COD,$604,$258.0
B-25945,$765,($36),3,Electronics,Electronic Games,COD,$801,$255.0
B-26086,$762,$101,6,Electronics,Printers,COD,$661,$127.0
B-25752,$761,$266,9,Electronics,Electronic Games,COD,$495,$84.6
B-25986,$749,($307),7,Furniture,Furnishings,COD,"$1,056",$107.0
B-25953,$744,$119,6,Electronics,Printers,COD,$625,$124.0
B-25878,$741,$267,5,Furniture,Bookcases,COD,$474,$148.2
B-25752,$735,($235),6,Electronics,Printers,COD,$970,$122.5
B-25878,$719,$303,6,Furniture,Chairs,COD,$416,$119.8
B-25708,$709,($100),5,Electronics,Phones,COD,$809,$141.8
B-25959,$681,$259,4,Furniture,Chairs,COD,$422,$170.3
B-26097,$671,($309),5,Electronics,Electronic Games,COD,$980,$134.2
B-25888,$646,($213),3,Electronics,Electronic Games,COD,$859,$215.3
B-25993,$610,$208,3,Electronics,Printers,COD,$402,$203.3
B-25930,$595,$119,4,Furniture,Bookcases,COD,$476,$148.8
B-26053,$594,$89,3,Furniture,Bookcases,COD,$505,$198.0
B-26070,$582,$262,5,Furniture,Furnishings,COD,$320,$116.4
B-25682,$545,($73),11,Electronics,Phones,COD,$618,$49.5
B-25962,$544,($152),3,Furniture,Bookcases,COD,$696,$181.3
B-25698,$516,$392,8,Furniture,Chairs,COD,$124,$64.5
B-25832,$504,$116,3,Furniture,Bookcases,COD,$388,$168.0
B-25886,$502,$84,4,Electronics,Phones,COD,$418,$125.5
B-25609,$485,$29,4,Electronics,Electronic Games,COD,$456,$121.3
B-25608,$476,$0,3,Furniture,Chairs,COD,$476,$158.7
B-25730,$473,$42,4,Furniture,Chairs,COD,$431,$118.3
B-25689,$469,($459),3,Electronics,Electronic Games,COD,$928,$156.3
B-26081,$169,$0,3,Electronics,Accessories,COD,$169,$56.3
B-25903,$455,$77,8,Electronics,Accessories,COD,$378,$56.9
B-25654,$450,($90),3,Electronics,Printers,COD,$540,$150.0
B-25720,$30,($35),1,Furniture,Chairs,COD,$65,$30.0
B-25961,$446,$53,3,Electronics,Printers,COD,$393,$148.7
B-25653,$427,($50),7,Electronics,Phones,COD,$477,$61.0
B-25602,$424,($272),5,Electronics,Phones,COD,$696,$84.8
B-25761,$418,$70,7,Electronics,Phones,COD,$348,$59.7
B-25819,$417,$49,3,Electronics,Electronic Games,COD,$368,$139.0
B-25993,$414,$199,3,Electronics,Phones,COD,$215,$138.0
B-25797,$413,($314),9,Furniture,Chairs,COD,$727,$45.9
B-25961,$366,$84,3,Furniture,Bookcases,COD,$282,$122.0
B-25970,$365,$107,3,Electronics,Phones,COD,$258,$121.7
B-26081,$359,($338),5,Furniture,Bookcases,COD,$697,$71.8
B-25650,$351,($47),8,Electronics,Phones,COD,$398,$43.9
B-25964,$346,$108,3,Furniture,Chairs,COD,$238,$115.3
B-25676,$342,($103),4,Electronics,Electronic Games,COD,$445,$85.5
B-25851,$336,$71,3,Furniture,Bookcases,COD,$265,$112.0
B-25621,$333,($15),3,Electronics,Phones,COD,$348,$111.0
B-25655,$312,($312),7,Furniture,Chairs,COD,$624,$44.6
B-25962,$312,$62,1,Electronics,Electronic Games,COD,$250,$312.0
B-25678,$327,($39),1,Electronics,Phones,COD,$366,$327.0
B-25915,$277,$3,1,Electronics,Electronic Games,COD,$274,$277.0
B-25845,$274,($7),4,Electronics,Phones,COD,$281,$68.5
B-25645,$273,($87),4,Electronics,Phones,COD,$360,$68.3
B-25803,$269,$91,1,Electronics,Electronic Games,COD,$178,$269.0
B-25981,$867,$251,5,Electronics,Phones,COD,$616,$173.4
B-25918,$244,($122),5,Furniture,Furnishings,COD,$366,$48.8
B-26063,$241,($77),4,Electronics,Electronic Games,COD,$318,$60.3
B-25796,$239,($162),5,Furniture,Chairs,COD,$401,$47.8
B-25621,$233,($10),5,Electronics,Electronic Games,COD,$243,$46.6
B-25773,$224,($143),3,Furniture,Chairs,COD,$367,$74.7
B-25861,$216,($83),3,Electronics,Electronic Games,COD,$299,$72.0
B-26084,$209,($63),4,Electronics,Electronic Games,COD,$272,$52.3
B-25998,$50,($28),5,Furniture,Furnishings,COD,$78,$10.0
B-25756,$204,$276,3,Furniture,Bookcases,COD,($72),$68.0
B-25994,$196,($7),5,Electronics,Phones,COD,$203,$39.2
B-25653,$195,($117),5,Electronics,Phones,COD,$312,$39.0
B-26097,$185,($26),6,Furniture,Chairs,COD,$211,$30.8
B-26041,$176,($28),5,Furniture,Furnishings,COD,$204,$35.2
B-26010,$176,($13),5,Furniture,Furnishings,COD,$189,$35.2
B-25794,$176,$37,6,Electronics,Accessories,COD,$139,$29.3
B-25652,$174,($70),3,Electronics,Accessories,COD,$244,$58.0
B-25952,$173,$69,3,Furniture,Chairs,COD,$104,$57.7
B-25967,$119,($24),4,Furniture,Furnishings,COD,$143,$29.8
B-25878,$165,$46,3,Furniture,Furnishings,COD,$119,$55.0
B-25983,$161,($229),8,Furniture,Furnishings,COD,$390,$20.1
B-25948,$152,$23,3,Furniture,Furnishings,COD,$129,$50.7
B-25723,$76,($54),3,Electronics,Electronic Games,COD,$130,$25.3
B-26001,$149,$17,4,Furniture,Furnishings,COD,$132,$37.3
B-26033,$143,$32,1,Furniture,Bookcases,COD,$111,$143.0
B-25787,$140,($58),4,Furniture,Furnishings,COD,$198,$35.0
B-26054,$139,$21,3,Electronics,Accessories,COD,$118,$46.3
B-25745,$132,($79),5,Furniture,Furnishings,COD,$211,$26.4
B-25731,$131,($154),8,Furniture,Furnishings,COD,$285,$16.4
B-25883,$127,$29,3,Furniture,Furnishings,COD,$98,$42.3
B-25821,$125,$0,3,Electronics,Accessories,COD,$125,$41.7
B-25800,$122,($66),9,Electronics,Accessories,COD,$188,$13.6
B-26021,$122,$59,7,Furniture,Furnishings,COD,$63,$17.4
B-26053,$120,$1,1,Furniture,Chairs,COD,$119,$120.0
B-25696,$117,($6),3,Electronics,Phones,COD,$123,$39.0
B-26003,$114,$41,6,Furniture,Furnishings,COD,$73,$19.0
B-25770,$110,$35,1,Furniture,Furnishings,COD,$75,$110.0
B-25999,$109,$40,1,Furniture,Furnishings,COD,$69,$109.0
B-25909,$108,$22,3,Electronics,Accessories,COD,$86,$36.0
B-25641,$22,($6),1,Furniture,Furnishings,COD,$28,$22.0
B-25648,$100,($23),1,Electronics,Phones,COD,$123,$100.0
B-26083,$45,$17,1,Electronics,Accessories,COD,$28,$45.0
B-25853,$95,$11,4,Furniture,Furnishings,COD,$84,$23.8
B-26023,$29,$0,3,Furniture,Furnishings,COD,$29,$9.7
B-25653,$115,$25,1,Electronics,Accessories,COD,$90,$115.0
B-25820,$119,$1,1,Furniture,Chairs,COD,$118,$119.0
B-26096,$88,$11,3,Electronics,Accessories,COD,$77,$29.3
B-25730,$83,($81),3,Furniture,Chairs,COD,$164,$27.7
B-26017,$78,$7,1,Furniture,Chairs,COD,$71,$78.0
B-25644,$76,($92),8,Furniture,Furnishings,COD,$168,$9.5
B-25750,$73,($31),1,Furniture,Bookcases,COD,$104,$73.0
B-25697,$73,($7),1,Electronics,Phones,COD,$80,$73.0
B-25725,$144,($7),4,Electronics,Electronic Games,COD,$151,$36.0
B-25693,$72,($49),1,Electronics,Phones,COD,$121,$72.0
B-25932,$71,($14),4,Furniture,Furnishings,COD,$85,$17.8
B-25708,$191,$13,8,Furniture,Furnishings,COD,$178,$23.9
B-25789,$67,($86),9,Furniture,Furnishings,COD,$153,$7.4
B-25753,$65,($52),3,Electronics,Accessories,COD,$117,$21.7
B-25668,$123,$17,3,Furniture,Furnishings,COD,$106,$41.0
B-25827,$156,$21,3,Furniture,Chairs,COD,$135,$52.0
B-25902,$154,$26,4,Electronics,Accessories,COD,$128,$38.5
B-25763,$58,($52),3,Furniture,Chairs,COD,$110,$19.3
B-25870,$57,$7,3,Furniture,Furnishings,COD,$50,$19.0
B-25993,$221,$26,7,Furniture,Furnishings,COD,$195,$31.6
B-25855,$197,$73,1,Furniture,Bookcases,COD,$124,$197.0
B-26068,$193,$33,5,Electronics,Accessories,COD,$160,$38.6
B-25843,$214,$30,3,Electronics,Accessories,COD,$184,$71.3
B-25661,$224,($81),3,Furniture,Chairs,COD,$305,$74.7
B-25787,$229,($41),8,Electronics,Accessories,COD,$270,$28.6
B-25951,$50,$14,1,Electronics,Electronic Games,COD,$36,$50.0
B-26072,$313,$44,3,Electronics,Electronic Games,COD,$269,$104.3
B-25753,$47,($114),5,Furniture,Furnishings,COD,$161,$9.4
B-25955,$200,$13,5,Electronics,Phones,COD,$187,$40.0
B-25626,$46,($14),1,Electronics,Phones,COD,$60,$46.0
B-25888,$223,$4,3,Electronics,Phones,COD,$219,$74.3
B-25657,$288,($180),4,Furniture,Chairs,COD,$468,$72.0
B-25704,$102,$0,3,Electronics,Phones,COD,$102,$34.0
B-25790,$42,($3),1,Electronics,Electronic Games,COD,$45,$42.0
B-25923,$226,$58,3,Electronics,Accessories,COD,$168,$75.3
B-25930,$351,($94),5,Electronics,Electronic Games,COD,$445,$70.2
B-25618,$362,$127,1,Furniture,Bookcases,COD,$235,$362.0
B-25643,$36,($7),1,Electronics,Electronic Games,COD,$43,$36.0
B-26051,$669,$74,5,Furniture,Bookcases,COD,$595,$133.8
B-25614,$494,$54,4,Furniture,Bookcases,COD,$440,$123.5
B-26010,$527,$26,3,Electronics,Electronic Games,COD,$501,$175.7
B-25603,$24,($30),1,Furniture,Chairs,COD,$54,$24.0
B-25656,$651,$169,5,Electronics,Printers,COD,$482,$130.2
B-25697,$322,$193,5,Electronics,Printers,COD,$129,$64.4
B-25999,$770,$323,3,Electronics,Accessories,COD,$447,$256.7
B-25902,$802,$120,7,Electronics,Accessories,COD,$682,$114.6
B-25699,$21,($5),1,Electronics,Accessories,COD,$26,$21.0
B-26076,$450,($190),4,Furniture,Bookcases,COD,$640,$112.5
B-25608,$856,$385,6,Electronics,Printers,COD,$471,$142.7
B-25813,$911,$202,7,Furniture,Chairs,COD,$709,$130.1
B-25986,$918,$22,9,Electronics,Electronic Games,COD,$896,$102.0
B-25650,$925,($447),5,Electronics,Electronic Games,COD,"$1,372",$185.0
B-25797,$976,$293,4,Electronics,Accessories,COD,$683,$244.0
B-25753,$620,$82,6,Electronics,Accessories,COD,$538,$103.3
B-25752,"$1,361",$197,9,Furniture,Bookcases,COD,"$1,164",$151.2
B-25610,"$1,076",($38),4,Electronics,Printers,COD,"$1,114",$269.0
B-25639,"$1,629",($153),3,Electronics,Phones,COD,"$1,782",$543.0
B-25919,$977,($244),7,Electronics,Phones,COD,"$1,221",$139.6
B-25855,"$1,319",$567,5,Electronics,Printers,COD,$752,$263.8
B-25881,"$1,351",$111,6,Electronics,Electronic Games,COD,"$1,240",$225.2
B-26057,$736,$346,5,Electronics,Printers,COD,$390,$147.2
B-26055,"$1,218",($420),8,Furniture,Bookcases,COD,"$1,638",$152.3
B-25955,"$1,716",$309,7,Electronics,Accessories,COD,"$1,407",$245.1
B-25686,$332,$503,3,Electronics,Printers,COD,($171),$110.7
B-25881,"$2,115",$23,5,Furniture,Chairs,COD,"$2,092",$423.0
B-25910,$850,($289),5,Electronics,Electronic Games,COD,"$1,139",$170.0
B-25997,"$2,292",$127,7,Furniture,Bookcases,COD,"$2,165",$327.4
B-25973,"$4,141","$1,698",13,Electronics,Printers,COD,"$2,443",$318.5
B-25898,$857,($274),2,Furniture,Tables,COD,"$1,131",$428.5
B-26100,$828,$230,2,Furniture,Chairs,COD,$598,$414.0
B-25970,$742,$198,2,Furniture,Bookcases,COD,$544,$371.0
B-25885,$734,$248,2,Furniture,Chairs,COD,$486,$367.0
B-25676,$674,($187),2,Furniture,Tables,COD,$861,$337.0
B-25950,$644,$167,2,Electronics,Printers,COD,$477,$322.0
B-25847,$643,$225,2,Electronics,Printers,COD,$418,$321.5
B-26078,$557,($111),2,Electronics,Electronic Games,COD,$668,$278.5
B-26028,"$1,272",$547,2,Electronics,Phones,COD,$725,$636.0
B-25798,$448,$148,2,Electronics,Printers,COD,$300,$224.0
B-25895,$388,$93,2,Furniture,Bookcases,COD,$295,$194.0
B-25903,$336,$57,2,Electronics,Phones,COD,$279,$168.0
B-25996,$333,$50,2,Electronics,Phones,COD,$283,$166.5
B-26007,$311,$72,2,Furniture,Bookcases,COD,$239,$155.5
B-25770,$299,$113,2,Furniture,Bookcases,COD,$186,$149.5
B-25840,$298,$74,2,Furniture,Bookcases,COD,$224,$149.0
B-26030,$291,$93,2,Electronics,Printers,COD,$198,$145.5
B-26009,$285,$128,2,Electronics,Printers,COD,$157,$142.5
B-25962,$260,$68,2,Electronics,Printers,COD,$192,$130.0
B-25612,$259,($55),2,Furniture,Chairs,COD,$314,$129.5
B-25799,$45,($15),2,Furniture,Chairs,COD,$60,$22.5
B-26053,$246,$61,2,Furniture,Bookcases,COD,$185,$123.0
B-25971,$244,$83,2,Furniture,Bookcases,COD,$161,$122.0
B-25681,$243,($14),2,Furniture,Chairs,COD,$257,$121.5
B-25858,$223,$27,2,Furniture,Bookcases,COD,$196,$111.5
B-25900,$210,$62,2,Electronics,Phones,COD,$148,$105.0
B-25750,$212,($24),2,Furniture,Chairs,COD,$236,$106.0
B-25898,$171,$2,2,Electronics,Electronic Games,COD,$169,$85.5
B-25724,$168,($51),2,Furniture,Bookcases,COD,$219,$84.0
B-25748,$47,($21),2,Electronics,Electronic Games,COD,$68,$23.5
B-26004,$162,$73,2,Electronics,Electronic Games,COD,$89,$81.0
B-25751,$221,($15),2,Electronics,Electronic Games,COD,$236,$110.5
B-25721,$149,($40),2,Electronics,Phones,COD,$189,$74.5
B-25755,$134,($34),2,Furniture,Chairs,COD,$168,$67.0
B-25684,$134,$42,2,Furniture,Chairs,COD,$92,$67.0
B-25739,$133,($56),2,Furniture,Chairs,COD,$189,$66.5
B-25972,$115,$47,2,Electronics,Accessories,COD,$68,$57.5
B-25823,$104,$2,2,Furniture,Furnishings,COD,$102,$52.0
B-25904,$83,$12,2,Furniture,Chairs,COD,$71,$41.5
B-25757,$98,$9,2,Furniture,Furnishings,COD,$89,$49.0
B-25805,$112,$15,2,Furniture,Chairs,COD,$97,$56.0
B-25830,$93,$15,2,Electronics,Accessories,COD,$78,$46.5
B-25938,$61,$1,2,Furniture,Furnishings,COD,$60,$30.5
B-25631,$89,($89),2,Furniture,Furnishings,COD,$178,$44.5
B-25921,$84,($42),2,Electronics,Accessories,COD,$126,$42.0
B-25939,$61,$18,2,Electronics,Accessories,COD,$43,$30.5
B-25903,$60,($10),2,Furniture,Furnishings,COD,$70,$30.0
B-25717,$55,($33),2,Furniture,Chairs,COD,$88,$27.5
B-25824,$101,$38,2,Furniture,Furnishings,COD,$63,$50.5
B-25999,$51,($49),2,Electronics,Electronic Games,COD,$100,$25.5
B-26056,$220,$40,2,Electronics,Accessories,COD,$180,$110.0
B-25945,$245,$10,2,Furniture,Bookcases,COD,$235,$122.5
B-25956,$140,$28,2,Electronics,Phones,COD,$112,$70.0
B-25851,$300,$42,2,Electronics,Printers,COD,$258,$150.0
B-25705,$46,$0,2,Electronics,Electronic Games,COD,$46,$23.0
B-26048,$163,$81,2,Electronics,Accessories,COD,$82,$81.5
B-25610,$30,($5),2,Furniture,Furnishings,COD,$35,$15.0
B-25850,$513,$215,2,Electronics,Accessories,COD,$298,$256.5
B-25996,$217,$72,2,Furniture,Furnishings,COD,$145,$108.5
B-26050,$382,$92,2,Electronics,Printers,COD,$290,$191.0
B-25826,$637,$261,2,Electronics,Printers,COD,$376,$318.5
B-25974,$662,$240,2,Furniture,Bookcases,COD,$422,$331.0
B-25751,$68,($56),2,Electronics,Phones,COD,$124,$34.0
B-25738,$148,($91),2,Electronics,Phones,COD,$239,$74.0
B-25669,$610,($66),2,Furniture,Tables,COD,$676,$305.0
B-25630,$143,($129),2,Electronics,Phones,COD,$272,$71.5
B-26055,"$5,729",$64,14,Furniture,Chairs,EMI,"$5,665",$409.2
B-25955,"$2,927",$146,8,Furniture,Bookcases,EMI,"$2,781",$365.9
B-25756,$729,($492),5,Furniture,Bookcases,UPI,"$1,221",$145.8
B-25761,"$2,188","$1,050",5,Furniture,Bookcases,Credit Card,"$1,138",$437.6
B-25786,"$1,854",$433,5,Furniture,Bookcases,Credit Card,"$1,421",$370.8
B-25853,"$2,093",$721,5,Furniture,Chairs,Credit Card,"$1,372",$418.6
B-25910,"$1,622",($624),5,Furniture,Tables,Credit Card,"$2,246",$324.4
B-25686,"$1,829",($56),6,Furniture,Tables,Credit Card,"$1,885",$304.8
B-26048,"$1,461",$202,5,Furniture,Tables,EMI,"$1,259",$292.2
B-26003,"$1,745",$122,2,Furniture,Tables,Credit Card,"$1,623",$872.5
B-25797,"$1,630",$802,5,Furniture,Tables,EMI,$828,$326.0
B-25935,"$1,657",$460,4,Furniture,Chairs,Credit Card,"$1,197",$414.3
B-25868,"$1,118",$206,2,Furniture,Tables,Credit Card,$912,$559.0
B-25608,"$1,364","$1,864",5,Furniture,Tables,Credit Card,($500),$272.8
B-25995,"$1,314",$342,3,Furniture,Bookcases,Credit Card,$972,$438.0
B-25929,"$1,308",$536,3,Furniture,Bookcases,Credit Card,$772,$436.0
B-25957,"$1,157",($13),9,Furniture,Bookcases,Credit Card,"$1,170",$128.6
B-25643,"$1,061",($36),8,Furniture,Bookcases,EMI,"$1,097",$132.6
B-25747,$877,$395,2,Furniture,Bookcases,Credit Card,$482,$438.5
B-26093,$852,$51,5,Furniture,Bookcases,Credit Card,$801,$170.4
B-25749,"$1,052",($82),3,Furniture,Bookcases,UPI,"$1,134",$350.7
B-25951,$742,$198,2,Furniture,Bookcases,Credit Card,$544,$371.0
B-26057,$659,($37),2,Furniture,Bookcases,Credit Card,$696,$329.5
B-25701,$98,($45),2,Furniture,Chairs,UPI,$143,$49.0
B-25670,$656,($36),2,Furniture,Bookcases,Credit Card,$692,$328.0
B-25662,$385,($77),11,Furniture,Furnishings,UPI,$462,$35.0
B-26067,$618,$27,4,Furniture,Bookcases,Credit Card,$591,$154.5
B-25983,$561,$118,5,Furniture,Bookcases,Credit Card,$443,$112.2
B-25786,$623,($192),3,Furniture,Tables,UPI,$815,$207.7
B-25628,$35,($8),2,Furniture,Furnishings,Debit Card,$43,$17.5
B-26014,$406,$97,7,Furniture,Chairs,Credit Card,$309,$58.0
B-26048,$401,$13,6,Furniture,Chairs,Credit Card,$388,$66.8
B-25770,$375,$180,3,Furniture,Bookcases,Credit Card,$195,$125.0
B-25989,$330,$81,1,Furniture,Bookcases,Credit Card,$249,$330.0
B-25710,$216,($38),6,Furniture,Furnishings,UPI,$254,$36.0
B-25661,$55,($33),2,Furniture,Chairs,Debit Card,$88,$27.5
B-26003,$315,($8),3,Furniture,Chairs,Credit Card,$323,$105.0
B-25661,$58,($42),2,Furniture,Chairs,Debit Card,$100,$29.0
B-25979,$284,$45,2,Furniture,Bookcases,EMI,$239,$142.0
B-25902,$268,$6,2,Furniture,Bookcases,UPI,$262,$134.0
B-25773,$248,($70),3,Furniture,Chairs,Credit Card,$318,$82.7
B-25840,$246,$61,2,Furniture,Bookcases,Credit Card,$185,$123.0
B-25703,$42,($23),2,Furniture,Furnishings,UPI,$65,$21.0
B-25929,$216,($135),3,Furniture,Chairs,Credit Card,$351,$72.0
B-25699,$20,($22),1,Furniture,Furnishings,UPI,$42,$20.0
B-25654,$122,($21),3,Furniture,Furnishings,UPI,$143,$40.7
B-25738,$70,($14),2,Furniture,Furnishings,UPI,$84,$35.0
B-25950,$190,$19,9,Furniture,Furnishings,Credit Card,$171,$21.1
B-25664,$83,($48),1,Furniture,Bookcases,UPI,$131,$83.0
B-25991,$90,$30,2,Furniture,Chairs,UPI,$60,$45.0
B-25638,$182,($11),3,Furniture,Bookcases,Credit Card,$193,$60.7
B-25651,$172,($103),3,Furniture,Chairs,EMI,$275,$57.3
B-25960,$171,($140),2,Furniture,Bookcases,EMI,$311,$85.5
B-25823,$103,$50,2,Furniture,Furnishings,UPI,$53,$51.5
B-25774,$38,($6),2,Furniture,Furnishings,UPI,$44,$19.0
B-25750,$78,($6),2,Furniture,Furnishings,UPI,$84,$39.0
B-25901,$159,$2,3,Furniture,Furnishings,EMI,$157,$53.0
B-25925,"$1,228",$14,3,Furniture,Chairs,UPI,"$1,214",$409.3
B-25924,$148,$54,2,Furniture,Chairs,UPI,$94,$74.0
B-25963,$53,$8,3,Furniture,Furnishings,UPI,$45,$17.7
B-25928,$25,$10,1,Furniture,Furnishings,UPI,$15,$25.0
B-25848,$147,$21,3,Furniture,Furnishings,Debit Card,$126,$49.0
B-25661,$145,($104),5,Furniture,Chairs,UPI,$249,$29.0
B-25929,$154,($85),3,Furniture,Chairs,EMI,$239,$51.3
B-25797,$148,($101),2,Furniture,Bookcases,UPI,$249,$74.0
B-25654,$121,($17),3,Furniture,Furnishings,Credit Card,$138,$40.3
B-25683,$155,$56,3,Furniture,Furnishings,EMI,$99,$51.7
B-25935,$162,$20,3,Furniture,Chairs,EMI,$142,$54.0
B-25713,$158,($63),4,Furniture,Chairs,UPI,$221,$39.5
B-25755,$257,($3),2,Furniture,Bookcases,UPI,$260,$128.5
B-25954,$189,$60,4,Furniture,Furnishings,Debit Card,$129,$47.3
B-25818,$94,$20,2,Furniture,Furnishings,UPI,$74,$47.0
B-25651,$200,($60),4,Furniture,Bookcases,UPI,$260,$50.0
B-26056,$213,($145),3,Furniture,Bookcases,Debit Card,$358,$71.0
B-25993,$201,$32,4,Furniture,Furnishings,UPI,$169,$50.3
B-25685,$264,($30),3,Furniture,Furnishings,Debit Card,$294,$88.0
B-25847,$264,$71,10,Furniture,Furnishings,Debit Card,$193,$26.4
B-25981,$245,$91,2,Furniture,Bookcases,UPI,$154,$122.5
B-25877,$269,$33,5,Furniture,Chairs,Debit Card,$236,$53.8
B-25896,$79,($2),2,Furniture,Furnishings,EMI,$81,$39.5
B-26014,$278,$39,5,Furniture,Chairs,Debit Card,$239,$55.6
B-25931,$73,($36),3,Furniture,Chairs,UPI,$109,$24.3
B-26045,$302,$75,6,Furniture,Furnishings,Debit Card,$227,$50.3
B-25770,$287,($280),12,Furniture,Chairs,UPI,$567,$23.9
B-26036,$341,$44,7,Furniture,Furnishings,UPI,$297,$48.7
B-25789,$313,($13),5,Furniture,Bookcases,UPI,$326,$62.6
B-25854,$342,($154),7,Furniture,Furnishings,Debit Card,$496,$48.9
B-25782,$335,($22),7,Furniture,Chairs,UPI,$357,$47.9
B-25685,$51,$7,2,Furniture,Furnishings,UPI,$44,$25.5
B-25718,$371,$115,1,Furniture,Bookcases,Debit Card,$256,$371.0
B-25702,$424,($17),9,Furniture,Chairs,Debit Card,$441,$47.1
B-25718,$460,$31,3,Furniture,Bookcases,Debit Card,$429,$153.3
B-25914,$460,($143),3,Furniture,Chairs,Debit Card,$603,$153.3
B-25857,$227,$59,2,Furniture,Furnishings,UPI,$168,$113.5
B-25634,$389,($83),3,Furniture,Chairs,UPI,$472,$129.7
B-25885,$394,$146,2,Furniture,Bookcases,UPI,$248,$197.0
B-26098,$497,$179,3,Furniture,Chairs,Debit Card,$318,$165.7
B-25692,$141,$28,7,Furniture,Furnishings,UPI,$113,$20.1
B-25959,$429,$17,3,Furniture,Chairs,UPI,$412,$143.0
B-25709,$41,($6),1,Furniture,Chairs,Credit Card,$47,$41.0
B-25750,$539,($146),7,Furniture,Furnishings,Debit Card,$685,$77.0
B-25726,$490,($128),8,Furniture,Bookcases,UPI,$618,$61.3
B-25803,$511,$194,3,Furniture,Chairs,UPI,$317,$170.3
B-25667,$516,$69,4,Furniture,Bookcases,UPI,$447,$129.0
B-25755,$593,$213,4,Furniture,Bookcases,Debit Card,$380,$148.3
B-26000,$597,$93,4,Furniture,Chairs,Debit Card,$504,$149.3
B-25710,$616,($69),7,Furniture,Furnishings,Debit Card,$685,$88.0
B-25857,$598,$166,4,Furniture,Bookcases,UPI,$432,$149.5
B-25806,$632,($114),4,Furniture,Tables,UPI,$746,$158.0
B-26003,$652,$13,6,Furniture,Furnishings,Debit Card,$639,$108.7
B-25752,$33,($27),1,Furniture,Chairs,Credit Card,$60,$33.0
B-25745,$670,$15,5,Furniture,Bookcases,Debit Card,$655,$134.0
B-26051,$676,$195,5,Furniture,Bookcases,Debit Card,$481,$135.2
B-25983,$32,($12),1,Furniture,Chairs,Credit Card,$44,$32.0
B-26018,$326,$107,3,Furniture,Furnishings,UPI,$219,$108.7
B-25702,$941,$203,3,Furniture,Tables,UPI,$738,$313.7
B-25859,$724,$253,2,Furniture,Bookcases,UPI,$471,$362.0
B-25855,$550,($242),5,Furniture,Furnishings,UPI,$792,$110.0
B-25899,$846,$9,2,Furniture,Chairs,Debit Card,$837,$423.0
B-25904,$871,$131,2,Furniture,Bookcases,UPI,$740,$435.5
B-25638,$880,$97,8,Furniture,Furnishings,Debit Card,$783,$110.0
B-25898,$915,($99),3,Furniture,Tables,Debit Card,"$1,014",$305.0
B-25937,"$1,101",$352,3,Furniture,Bookcases,UPI,$749,$367.0
B-25601,"$1,275","$1,148",7,Furniture,Bookcases,EMI,$127,$182.1
B-25894,"$1,246",$62,3,Furniture,Bookcases,EMI,"$1,184",$415.3
B-25653,"$1,327",$318,8,Furniture,Chairs,EMI,"$1,009",$165.9
B-25953,"$1,218",$352,9,Furniture,Bookcases,EMI,$866,$135.3
B-26023,"$1,117",$447,10,Furniture,Bookcases,EMI,$670,$111.7
B-25862,"$2,061",$701,5,Furniture,Bookcases,UPI,"$1,360",$412.2
B-25626,"$1,103",$276,3,Furniture,Chairs,EMI,$827,$367.7
B-25969,"$2,452",$191,7,Furniture,Bookcases,UPI,"$2,261",$350.3
B-25798,"$2,830","($1,981)",13,Furniture,Bookcases,EMI,"$4,811",$217.7
B-25993,"$4,363",$305,5,Furniture,Tables,EMI,"$4,058",$872.6
B-26093,"$2,847",$712,8,Electronics,Printers,Credit Card,"$2,135",$355.9
B-25602,"$2,617","$1,151",4,Electronics,Phones,Credit Card,"$1,466",$654.3
B-25887,"$2,125",($234),6,Electronics,Printers,EMI,"$2,359",$354.2
B-25923,"$3,873",($891),6,Electronics,Phones,Credit Card,"$4,764",$645.5
B-25950,"$1,622",$95,5,Electronics,Printers,Credit Card,"$1,527",$324.4
B-25744,$373,$254,6,Electronics,Printers,UPI,$119,$62.2
B-25830,"$1,954",$782,3,Electronics,Phones,Credit Card,"$1,172",$651.3
B-25842,"$1,543",$370,8,Electronics,Printers,Credit Card,"$1,173",$192.9
B-25778,"$1,506",($266),6,Electronics,Printers,Credit Card,"$1,772",$251.0
B-26022,"$1,824","$1,303",8,Electronics,Phones,Credit Card,$521,$228.0
B-26097,$663,($212),5,Electronics,Printers,UPI,$875,$132.6
B-25681,"$1,625",($77),3,Electronics,Phones,EMI,"$1,702",$541.7
B-25909,"$1,622",($448),3,Electronics,Phones,EMI,"$2,070",$540.7
B-25943,"$1,547",$340,6,Electronics,Accessories,EMI,"$1,207",$257.8
B-25729,"$1,549",($439),4,Electronics,Phones,Credit Card,"$1,988",$387.3
B-25772,"$1,183",$106,4,Electronics,Printers,EMI,"$1,077",$295.8
B-26051,"$1,337",$147,7,Electronics,Printers,Credit Card,"$1,190",$191.0
B-25760,$322,($193),5,Electronics,Printers,UPI,$515,$64.4
B-25762,"$1,316",$527,7,Electronics,Electronic Games,Credit Card,$789,$188.0
B-25777,"$1,076",($38),4,Electronics,Printers,Credit Card,"$1,114",$269.0
B-26006,"$1,301",$573,5,Electronics,Accessories,Credit Card,$728,$260.2
B-25697,"$1,300",($16),8,Electronics,Printers,Credit Card,"$1,316",$162.5
B-25836,"$1,298",$65,9,Electronics,Printers,EMI,"$1,233",$144.2
B-25728,"$1,055",$264,4,Electronics,Printers,EMI,$791,$263.8
B-25653,"$1,279",($640),8,Electronics,Printers,EMI,"$1,919",$159.9
B-25704,$126,($63),3,Electronics,Accessories,UPI,$189,$42.0
B-25730,"$1,145",($706),3,Electronics,Phones,Credit Card,"$1,851",$381.7
B-26067,"$1,137",($14),7,Electronics,Printers,EMI,"$1,151",$162.4
B-25657,"$1,021",($48),4,Electronics,Electronic Games,EMI,"$1,069",$255.3
B-25855,$829,$19,4,Electronics,Printers,Credit Card,$810,$207.3
B-25728,$771,($424),2,Electronics,Phones,Credit Card,"$1,195",$385.5
B-25803,$757,$371,2,Electronics,Printers,Credit Card,$386,$378.5
B-25845,$757,$371,2,Electronics,Printers,Credit Card,$386,$378.5
B-25897,$734,$213,6,Electronics,Electronic Games,Credit Card,$521,$122.3
B-26000,$676,$151,3,Electronics,Printers,Credit Card,$525,$225.3
B-26055,$671,$114,9,Electronics,Phones,Credit Card,$557,$74.6
B-25653,$668,($31),3,Electronics,Printers,Credit Card,$699,$222.7
B-25873,"$1,275",$357,2,Electronics,Phones,UPI,$918,$637.5
B-25848,$648,$50,6,Electronics,Electronic Games,Credit Card,$598,$108.0
B-25942,$646,($23),2,Electronics,Printers,Credit Card,$669,$323.0
B-26035,$520,$151,3,Electronics,Phones,Credit Card,$369,$173.3
B-25966,$510,$234,6,Electronics,Electronic Games,EMI,$276,$85.0
B-26051,$490,$88,2,Electronics,Accessories,EMI,$402,$245.0
B-26050,$487,$143,4,Electronics,Phones,EMI,$344,$121.8
B-25741,$482,($6),7,Electronics,Electronic Games,EMI,$488,$68.9
B-25756,$465,($33),4,Electronics,Phones,EMI,$498,$116.3
B-26096,$451,$25,3,Electronics,Phones,EMI,$426,$150.3
B-25664,$444,($200),4,Electronics,Phones,EMI,$644,$111.0
B-25989,$42,$15,1,Electronics,Accessories,UPI,$27,$42.0
B-26016,$429,$61,3,Electronics,Electronic Games,Credit Card,$368,$143.0
B-25767,$299,($28),3,Electronics,Electronic Games,UPI,$327,$99.7
B-25693,$68,($30),1,Electronics,Phones,UPI,$98,$68.0
B-25857,$324,$39,8,Electronics,Accessories,Credit Card,$285,$40.5
B-26020,$319,$102,6,Electronics,Accessories,Credit Card,$217,$53.2
B-25925,$314,($41),3,Electronics,Electronic Games,Credit Card,$355,$104.7
B-26087,$311,$40,1,Electronics,Electronic Games,EMI,$271,$311.0
B-25810,$307,$74,3,Electronics,Accessories,EMI,$233,$102.3
B-25858,$294,$109,7,Electronics,Accessories,EMI,$185,$42.0
B-25795,$276,($21),2,Electronics,Phones,EMI,$297,$138.0
B-25654,$269,($86),2,Electronics,Electronic Games,EMI,$355,$134.5
B-25823,$59,$6,1,Electronics,Accessories,UPI,$53,$59.0
B-25698,$65,($16),2,Electronics,Phones,Debit Card,$81,$32.5
B-25997,$231,$99,2,Electronics,Electronic Games,Credit Card,$132,$115.5
B-25767,$74,($59),2,Electronics,Accessories,Debit Card,$133,$37.0
B-25621,$228,$63,3,Electronics,Electronic Games,Credit Card,$165,$76.0
B-25610,$68,($55),5,Electronics,Accessories,UPI,$123,$13.6
B-26061,$206,$12,1,Electronics,Printers,Credit Card,$194,$206.0
B-25927,$200,$7,4,Electronics,Electronic Games,Credit Card,$193,$50.0
B-25620,$193,$46,1,Electronics,Printers,Credit Card,$147,$193.0
B-25712,$193,($275),3,Electronics,Phones,Credit Card,$468,$64.3
B-25601,$80,($56),4,Electronics,Electronic Games,UPI,$136,$20.0
B-25953,$188,($193),2,Electronics,Electronic Games,Credit Card,$381,$94.0
B-25730,$187,$30,4,Electronics,Accessories,Credit Card,$157,$46.8
B-25662,$86,($21),1,Electronics,Electronic Games,UPI,$107,$86.0
B-25602,$168,($111),2,Electronics,Phones,EMI,$279,$84.0
B-26050,$166,$27,2,Electronics,Accessories,EMI,$139,$83.0
B-25751,$106,$0,2,Electronics,Phones,EMI,$106,$53.0
B-25734,$108,($19),3,Electronics,Electronic Games,UPI,$127,$36.0
B-25954,$148,$9,1,Electronics,Electronic Games,UPI,$139,$148.0
B-25697,$114,$8,3,Electronics,Accessories,Debit Card,$106,$38.0
B-26028,$115,$0,1,Electronics,Accessories,Debit Card,$115,$115.0
B-25954,$146,$66,1,Electronics,Phones,UPI,$80,$146.0
B-25928,$122,$15,3,Electronics,Accessories,EMI,$107,$40.7
B-26083,$143,$6,2,Electronics,Accessories,UPI,$137,$71.5
B-25849,$336,$123,3,Electronics,Phones,UPI,$213,$112.0
B-25909,$323,$122,5,Electronics,Phones,UPI,$201,$64.6
B-25780,$137,($41),3,Electronics,Phones,Debit Card,$178,$45.7
B-25939,$136,$41,3,Electronics,Accessories,UPI,$95,$45.3
B-26016,$134,($13),3,Electronics,Electronic Games,UPI,$147,$44.7
B-25645,$133,($42),1,Electronics,Printers,UPI,$175,$133.0
B-25808,$146,($63),3,Electronics,Electronic Games,Debit Card,$209,$48.7
B-25946,$146,$7,2,Electronics,Phones,Debit Card,$139,$73.0
B-25953,$116,$22,1,Electronics,Accessories,Credit Card,$94,$116.0
B-25665,$166,($113),4,Electronics,Accessories,EMI,$279,$41.5
B-25993,$173,$86,1,Electronics,Printers,Debit Card,$87,$173.0
B-25653,$168,($10),3,Electronics,Accessories,UPI,$178,$56.0
B-25868,$170,$73,2,Electronics,Accessories,UPI,$97,$85.0
B-25614,$98,($12),2,Electronics,Electronic Games,Credit Card,$110,$49.0
B-25748,$224,$58,3,Electronics,Phones,UPI,$166,$74.7
B-25959,$252,$56,2,Electronics,Phones,UPI,$196,$126.0
B-25970,$203,$84,2,Electronics,Printers,UPI,$119,$101.5
B-26053,$93,$31,3,Electronics,Accessories,UPI,$62,$31.0
B-26030,$221,$35,4,Electronics,Accessories,Debit Card,$186,$55.3
B-25653,$227,$102,8,Electronics,Accessories,Debit Card,$125,$28.4
B-25947,$207,$33,2,Electronics,Accessories,UPI,$174,$103.5
B-25773,$209,($21),2,Electronics,Electronic Games,UPI,$230,$104.5
B-25951,$248,$105,2,Electronics,Phones,Debit Card,$143,$124.0
B-25664,$258,($27),2,Electronics,Phones,Debit Card,$285,$129.0
B-25754,$262,$215,2,Electronics,Printers,Debit Card,$47,$131.0
B-25919,"$1,599",$37,6,Electronics,Electronic Games,UPI,"$1,562",$266.5
B-26098,$82,$8,3,Electronics,Accessories,EMI,$74,$27.3
B-25761,$263,($31),9,Electronics,Electronic Games,Debit Card,$294,$29.2
B-25683,$245,($3),4,Electronics,Phones,UPI,$248,$61.3
B-25643,$263,($63),2,Electronics,Electronic Games,Debit Card,$326,$131.5
B-25650,$245,($78),2,Electronics,Printers,UPI,$323,$122.5
B-25999,$129,$11,2,Electronics,Phones,UPI,$118,$64.5
B-25921,$71,($44),5,Electronics,Accessories,UPI,$115,$14.2
B-25663,$294,$138,2,Electronics,Printers,Debit Card,$156,$147.0
B-25677,$20,($2),1,Electronics,Accessories,UPI,$22,$20.0
B-25617,$305,($270),5,Electronics,Electronic Games,Debit Card,$575,$61.0
B-25681,$68,($27),3,Electronics,Accessories,UPI,$95,$22.7
B-25852,$320,$144,1,Electronics,Printers,Debit Card,$176,$320.0
B-25804,$321,$26,3,Electronics,Printers,Debit Card,$295,$107.0
B-25761,$328,($15),3,Electronics,Electronic Games,Debit Card,$343,$109.3
B-25868,$62,($1),1,Electronics,Phones,UPI,$63,$62.0
B-25777,$61,($25),4,Electronics,Accessories,UPI,$86,$15.3
B-25893,$372,$59,3,Electronics,Printers,UPI,$313,$124.0
B-26035,$369,$15,3,Electronics,Electronic Games,Debit Card,$354,$123.0
B-26056,$391,$90,6,Electronics,Phones,Debit Card,$301,$65.2
B-25715,$416,$137,3,Electronics,Phones,Debit Card,$279,$138.7
B-25873,$367,$73,3,Electronics,Electronic Games,UPI,$294,$122.3
B-25683,$433,$26,3,Electronics,Printers,Debit Card,$407,$144.3
B-25939,$469,$33,4,Electronics,Electronic Games,Debit Card,$436,$117.3
B-25956,$474,$56,4,Electronics,Phones,Debit Card,$418,$118.5
B-25923,$484,$28,3,Electronics,Printers,Debit Card,$456,$161.3
B-25986,$487,($23),3,Electronics,Printers,Debit Card,$510,$162.3
B-26061,$508,$203,2,Electronics,Accessories,Debit Card,$305,$254.0
B-25954,$524,($25),2,Electronics,Electronic Games,Debit Card,$549,$262.0
B-26034,$425,$183,5,Electronics,Accessories,UPI,$242,$85.0
B-25855,$442,$31,2,Electronics,Electronic Games,UPI,$411,$221.0
B-25685,$529,$137,3,Electronics,Phones,Debit Card,$392,$176.3
B-25951,$40,$18,1,Electronics,Accessories,Credit Card,$22,$40.0
B-25751,$534,$5,2,Electronics,Electronic Games,Debit Card,$529,$267.0
B-25657,$332,($43),6,Electronics,Phones,UPI,$375,$55.3
B-26054,$559,($174),2,Electronics,Electronic Games,Debit Card,$733,$279.5
B-25853,$579,$139,3,Electronics,Printers,Debit Card,$440,$193.0
B-26051,$600,($102),5,Electronics,Electronic Games,Debit Card,$702,$120.0
B-25656,$624,$37,2,Electronics,Electronic Games,Debit Card,$587,$312.0
B-25781,$584,($444),7,Electronics,Printers,UPI,"$1,028",$83.4
B-25919,$636,($204),2,Electronics,Printers,Debit Card,$840,$318.0
B-25959,$637,$212,8,Electronics,Phones,Debit Card,$425,$79.6
B-25756,$643,($45),2,Electronics,Printers,Debit Card,$688,$321.5
B-25802,$633,($633),11,Electronics,Accessories,UPI,"$1,266",$57.5
B-25696,$887,$80,3,Electronics,Printers,UPI,$807,$295.7
B-25796,$28,$1,1,Electronics,Accessories,UPI,$27,$28.0
B-25893,$688,($103),6,Electronics,Accessories,Debit Card,$791,$114.7
B-25969,$720,$43,2,Electronics,Printers,UPI,$677,$360.0
B-25778,$724,($447),4,Electronics,Electronic Games,UPI,"$1,171",$181.0
B-25764,$765,($153),2,Electronics,Phones,Debit Card,$918,$382.5
B-25817,$743,$89,5,Electronics,Printers,UPI,$654,$148.6
B-25610,$781,$594,6,Electronics,Printers,Debit Card,$187,$130.2
B-25664,$785,$52,2,Electronics,Phones,Debit Card,$733,$392.5
B-25645,$183,($66),5,Electronics,Phones,UPI,$249,$36.6
B-26093,$492,$187,2,Electronics,Accessories,UPI,$305,$246.0
B-25638,$816,($96),3,Electronics,Printers,Debit Card,$912,$272.0
B-25968,$811,$154,7,Electronics,Accessories,UPI,$657,$115.9
B-26099,$835,$267,5,Electronics,Phones,Debit Card,$568,$167.0
B-25825,$911,$355,5,Electronics,Phones,Debit Card,$556,$182.2
B-25952,$935,$114,4,Electronics,Electronic Games,UPI,$821,$233.8
B-25955,$954,$95,3,Electronics,Printers,UPI,$859,$318.0
B-25838,$955,$305,3,Electronics,Printers,Debit Card,$650,$318.3
B-25667,"$1,030",$206,8,Electronics,Printers,UPI,$824,$128.8
B-25633,$249,($130),4,Electronics,Phones,UPI,$379,$62.3
B-25964,"$1,270",$546,11,Electronics,Electronic Games,EMI,$724,$115.5
B-26055,"$1,250",($12),2,Electronics,Printers,EMI,"$1,262",$625.0
B-26073,"$1,514",$742,4,Electronics,Printers,EMI,$772,$378.5
B-25823,"$2,103",$322,8,Electronics,Electronic Games,UPI,"$1,781",$262.9
B-25830,"$1,063",$64,7,Electronics,Phones,EMI,$999,$151.9
B-25978,"$1,063",($175),4,Electronics,Electronic Games,EMI,"$1,238",$265.8
B-25858,"$2,457",$665,11,Electronics,Electronic Games,EMI,"$1,792",$223.4
B-25810,"$1,120",$199,6,Clothing,Saree,EMI,$921,$186.7
B-25839,"$1,250",$486,7,Clothing,Saree,EMI,$764,$178.6
B-26067,"$1,120",$199,6,Clothing,Saree,EMI,$921,$186.7
B-25803,$765,$8,6,Clothing,Saree,EMI,$757,$127.5
B-25850,$485,$199,4,Clothing,Saree,EMI,$286,$121.3
B-25955,$294,$62,9,Clothing,T-shirt,EMI,$232,$32.7
B-26002,$276,$52,5,Clothing,Saree,EMI,$224,$55.2
B-25650,$269,$111,3,Clothing,Trousers,EMI,$158,$89.7
B-25840,$262,$64,6,Clothing,Saree,EMI,$198,$43.7
B-26037,$171,$68,7,Clothing,Stole,EMI,$103,$24.4
B-25958,$105,$25,2,Clothing,Hankerchief,EMI,$80,$52.5
B-25934,$105,$33,6,Clothing,Saree,EMI,$72,$17.5
B-25623,$158,$69,3,Clothing,Stole,EMI,$89,$52.7
B-25804,$156,$36,5,Clothing,T-shirt,EMI,$120,$31.2
B-25610,$107,($54),4,Clothing,Stole,EMI,$161,$26.8
B-25835,$155,$26,3,Clothing,Stole,EMI,$129,$51.7
B-25949,$151,$9,3,Clothing,Hankerchief,EMI,$142,$50.3
B-25930,$151,$29,5,Clothing,Hankerchief,EMI,$122,$30.2
B-25655,$110,($68),4,Clothing,Saree,EMI,$178,$27.5
B-25893,$149,$15,3,Clothing,Saree,EMI,$134,$49.7
B-26052,$148,$23,4,Clothing,Kurti,EMI,$125,$37.0
B-25814,$118,$35,7,Clothing,T-shirt,EMI,$83,$16.9
B-26087,$119,$56,7,Clothing,Saree,EMI,$63,$17.0
B-25862,$121,$41,4,Clothing,Stole,EMI,$80,$30.3
B-25914,$125,$22,3,Clothing,Stole,EMI,$103,$41.7
B-26076,$133,$46,5,Clothing,Shirt,EMI,$87,$26.6
B-25648,$130,($41),4,Clothing,Saree,EMI,$171,$32.5
B-25910,$125,$15,5,Clothing,Shirt,EMI,$110,$25.0
B-25640,$122,($47),4,Clothing,Saree,EMI,$169,$30.5
B-26025,$155,$5,3,Clothing,Stole,EMI,$150,$51.7
B-25950,$158,($29),10,Clothing,Hankerchief,EMI,$187,$15.8
B-26091,$158,$69,3,Clothing,Stole,EMI,$89,$52.7
B-25611,$160,($59),2,Clothing,Saree,EMI,$219,$80.0
B-25694,$167,$43,7,Clothing,T-shirt,EMI,$124,$23.9
B-25603,$193,($166),3,Clothing,Saree,EMI,$359,$64.3
B-25964,$199,$0,4,Clothing,Stole,EMI,$199,$49.8
B-25930,$202,$89,9,Clothing,T-shirt,EMI,$113,$22.4
B-25903,$204,($94),4,Clothing,Hankerchief,EMI,$298,$51.0
B-25887,$83,$6,6,Clothing,Shirt,EMI,$77,$13.8
B-25979,$82,($27),3,Clothing,Kurti,EMI,$109,$27.3
B-25693,$82,($39),5,Clothing,T-shirt,EMI,$121,$16.4
B-25959,$82,$24,6,Clothing,Hankerchief,EMI,$58,$13.7
B-26093,$81,($41),5,Clothing,Leggings,EMI,$122,$16.2
B-25708,$81,($51),7,Clothing,Stole,EMI,$132,$11.6
B-25862,$80,$3,3,Clothing,Stole,EMI,$77,$26.7
B-26090,$80,$22,3,Clothing,Stole,EMI,$58,$26.7
B-25916,$80,($26),9,Clothing,Skirt,EMI,$106,$8.9
B-25796,$78,($64),7,Clothing,Stole,EMI,$142,$11.1
B-26028,$77,$36,2,Clothing,Shirt,EMI,$41,$38.5
B-25605,$75,$0,7,Clothing,Saree,EMI,$75,$10.7
B-25702,$75,$0,3,Clothing,Shirt,EMI,$75,$25.0
B-25856,$74,$29,3,Clothing,Stole,EMI,$45,$24.7
B-25851,$53,$24,6,Clothing,Hankerchief,EMI,$29,$8.8
B-25983,$50,($4),6,Clothing,T-shirt,EMI,$54,$8.3
B-25852,$50,$16,1,Clothing,Stole,EMI,$34,$50.0
B-25861,$50,$3,2,Clothing,Stole,EMI,$47,$25.0
B-25767,$48,($22),2,Clothing,Saree,EMI,$70,$24.0
B-25799,$47,($27),4,Clothing,Saree,EMI,$74,$11.8
B-25955,$45,$8,4,Clothing,Skirt,EMI,$37,$11.3
B-25738,"$1,069",$0,6,Clothing,Saree,EMI,"$1,069",$178.2
B-25676,"$1,263",($56),5,Clothing,Trousers,EMI,"$1,319",$252.6
B-25793,"$1,402",$109,11,Clothing,Saree,EMI,"$1,293",$127.5
B-25768,"$1,582",($443),6,Clothing,Trousers,EMI,"$2,025",$263.7
B-25877,"$1,137",$568,2,Clothing,Trousers,EMI,$569,$568.5
B-25757,"$3,151",($35),7,Clothing,Trousers,EMI,"$3,186",$450.1
B-25881,"$2,244",$247,4,Clothing,Trousers,Credit Card,"$1,997",$561.0
B-25755,"$1,709",$564,3,Clothing,Trousers,Credit Card,"$1,145",$569.7
B-25613,"$1,603",$0,9,Clothing,Saree,Credit Card,"$1,603",$178.1
B-25640,"$1,499",$239,13,Clothing,Saree,Credit Card,"$1,260",$115.3
B-26085,"$1,487",$624,3,Clothing,Trousers,Credit Card,$863,$495.7
B-25778,$933,$166,5,Clothing,Saree,Credit Card,$767,$186.6
B-25870,$845,$84,7,Clothing,Saree,Credit Card,$761,$120.7
B-25791,$565,$66,7,Clothing,Saree,Credit Card,$499,$80.7
B-25717,$561,$212,3,Clothing,Saree,Credit Card,$349,$187.0
B-25642,$434,$26,11,Clothing,Shirt,Credit Card,$408,$39.5
B-25635,$382,$30,3,Clothing,Saree,Credit Card,$352,$127.3
B-26051,$382,$119,2,Clothing,Saree,Credit Card,$263,$191.0
B-26045,$376,$0,7,Clothing,Stole,Credit Card,$376,$53.7
B-25893,$355,($114),7,Clothing,Stole,Credit Card,$469,$50.7
B-25688,$352,($345),5,Clothing,Saree,Credit Card,$697,$70.4
B-25885,$349,$0,7,Clothing,Stole,Credit Card,$349,$49.9
B-25753,$341,($85),6,Clothing,Trousers,Credit Card,$426,$56.8
B-25714,$340,$20,7,Clothing,Shirt,Credit Card,$320,$48.6
B-25728,$322,($113),4,Clothing,Saree,Credit Card,$435,$80.5
B-25950,$261,$13,6,Clothing,Shirt,Credit Card,$248,$43.5
B-25910,$259,$47,5,Clothing,Hankerchief,Credit Card,$212,$51.8
B-25875,$248,$8,2,Clothing,Saree,Credit Card,$240,$124.0
B-25828,$222,$35,5,Clothing,Saree,Credit Card,$187,$44.4
B-25628,$219,($9),4,Clothing,Saree,Credit Card,$228,$54.8
B-25650,$211,($105),2,Clothing,Saree,Credit Card,$316,$105.5
B-25808,$210,($50),4,Clothing,Hankerchief,Credit Card,$260,$52.5
B-25698,$207,$153,3,Clothing,Saree,Credit Card,$54,$69.0
B-26008,$206,$51,4,Clothing,Hankerchief,Credit Card,$155,$51.5
B-26008,$199,($1),1,Clothing,Saree,Credit Card,$200,$199.0
B-25985,$197,$20,4,Clothing,Kurti,Credit Card,$177,$49.3
B-26009,$195,$12,9,Clothing,Shirt,Credit Card,$183,$21.7
B-25896,$190,$68,8,Clothing,T-shirt,Credit Card,$122,$23.8
B-25703,$186,$241,9,Clothing,Shirt,Credit Card,($55),$20.7
B-25803,$185,$48,4,Clothing,Stole,Credit Card,$137,$46.3
B-25977,$180,$54,4,Clothing,T-shirt,Credit Card,$126,$45.0
B-26064,$122,$38,6,Clothing,T-shirt,Credit Card,$84,$20.3
B-25889,$119,($43),7,Clothing,Kurti,Credit Card,$162,$17.0
B-25602,$119,($5),8,Clothing,Saree,Credit Card,$124,$14.9
B-25871,$118,$25,4,Clothing,Hankerchief,Credit Card,$93,$29.5
B-25616,$116,($56),5,Clothing,Stole,Credit Card,$172,$23.2
B-25951,$111,$11,9,Clothing,Hankerchief,Credit Card,$100,$12.3
B-25880,$108,$37,2,Clothing,Stole,Credit Card,$71,$54.0
B-25757,$106,$15,7,Clothing,Hankerchief,Credit Card,$91,$15.1
B-25803,$106,$12,3,Clothing,Trousers,Credit Card,$94,$35.3
B-25883,$105,($26),8,Clothing,Leggings,Credit Card,$131,$13.1
B-26096,$103,$46,2,Clothing,Saree,Credit Card,$57,$51.5
B-25951,$102,$13,2,Clothing,Stole,Credit Card,$89,$51.0
B-25855,$98,$12,2,Clothing,Hankerchief,Credit Card,$86,$49.0
B-25852,$97,$17,2,Clothing,Stole,Credit Card,$80,$48.5
B-26092,$97,$14,2,Clothing,T-shirt,Credit Card,$83,$48.5
B-25689,$97,$17,2,Clothing,Stole,Credit Card,$80,$48.5
B-25730,$96,$22,5,Clothing,Stole,Credit Card,$74,$19.2
B-25885,$94,$27,2,Clothing,Shirt,Credit Card,$67,$47.0
B-26011,$93,$44,2,Clothing,Stole,Credit Card,$49,$46.5
B-25754,$93,($65),4,Clothing,Stole,Credit Card,$158,$23.3
B-26030,$92,$5,6,Clothing,Hankerchief,Credit Card,$87,$15.3
B-25797,$89,($4),5,Clothing,Saree,Credit Card,$93,$17.8
B-25854,$88,$16,4,Clothing,Stole,Credit Card,$72,$22.0
B-25953,$87,$36,5,Clothing,Stole,Credit Card,$51,$17.4
B-25865,$85,($1),3,Clothing,Saree,Credit Card,$86,$28.3
B-25878,$84,$41,3,Clothing,T-shirt,Credit Card,$43,$28.0
B-25989,$44,$14,3,Clothing,Hankerchief,Credit Card,$30,$14.7
B-25745,$44,($8),3,Clothing,Stole,Credit Card,$52,$14.7
B-25786,$44,($34),3,Clothing,Stole,Credit Card,$78,$14.7
B-25667,$41,$6,5,Clothing,Skirt,Credit Card,$35,$8.2
B-25793,$40,($33),5,Clothing,Hankerchief,Credit Card,$73,$8.0
B-25761,$40,$0,3,Clothing,Saree,Credit Card,$40,$13.3
B-26097,$39,($18),2,Clothing,Leggings,Credit Card,$57,$19.5
B-25798,$38,($13),3,Clothing,Stole,Credit Card,$51,$12.7
B-25755,$37,($53),3,Clothing,Saree,Credit Card,$90,$12.3
B-25815,$35,$14,2,Clothing,Stole,Credit Card,$21,$17.5
B-25654,$34,$12,3,Clothing,Hankerchief,Credit Card,$22,$11.3
B-26093,$33,($1),1,Clothing,Saree,Credit Card,$34,$33.0
B-25650,$31,($2),2,Clothing,Saree,Credit Card,$33,$15.5
B-26026,$25,$2,3,Clothing,Kurti,Credit Card,$23,$8.3
B-25793,$24,($1),4,Clothing,Skirt,Credit Card,$25,$6.0
B-25725,$23,($5),7,Clothing,Hankerchief,Credit Card,$28,$3.3
B-25953,$22,($8),4,Clothing,Hankerchief,Credit Card,$30,$5.5
B-25841,$22,$11,2,Clothing,Skirt,Credit Card,$11,$11.0
B-26071,$21,$4,3,Clothing,Hankerchief,Credit Card,$17,$7.0
B-25661,$19,($15),3,Clothing,Hankerchief,Credit Card,$34,$6.3
B-26097,$19,$8,2,Clothing,Hankerchief,Credit Card,$11,$9.5
B-25888,$18,$2,3,Clothing,Hankerchief,Credit Card,$16,$6.0
B-26053,$17,$1,2,Clothing,Skirt,Credit Card,$16,$8.5
B-25909,$12,$2,2,Clothing,Skirt,Credit Card,$10,$6.0
B-25655,$9,($6),2,Clothing,Skirt,Credit Card,$15,$4.5
B-25601,$8,($2),3,Clothing,Hankerchief,Credit Card,$10,$2.7
B-25661,$7,($1),2,Clothing,Hankerchief,Credit Card,$8,$3.5
B-25697,$4,($3),1,Clothing,Skirt,Credit Card,$7,$4.0
B-25801,$15,($2),1,Clothing,T-shirt,Debit Card,$17,$15.0
B-25784,$15,$4,1,Clothing,Hankerchief,Debit Card,$11,$15.0
B-25900,$15,$2,1,Clothing,Leggings,Debit Card,$13,$15.0
B-25965,$17,$7,3,Clothing,Hankerchief,Debit Card,$10,$5.7
B-25967,$17,$2,2,Clothing,Skirt,Debit Card,$15,$8.5
B-25674,$17,($12),5,Clothing,Skirt,Debit Card,$29,$3.4
B-25757,$17,($13),4,Clothing,Skirt,Debit Card,$30,$4.3
B-26079,$18,$3,2,Clothing,Hankerchief,Debit Card,$15,$9.0
B-25730,$18,$8,2,Clothing,Hankerchief,Debit Card,$10,$9.0
B-25903,$19,$8,2,Clothing,Hankerchief,Debit Card,$11,$9.5
B-25632,$19,($2),2,Clothing,Leggings,Debit Card,$21,$9.5
B-25750,$19,($1),1,Clothing,Shirt,Debit Card,$20,$19.0
B-25759,$20,($9),6,Clothing,Hankerchief,Debit Card,$29,$3.3
B-26021,$21,($12),3,Clothing,Hankerchief,Debit Card,$33,$7.0
B-26029,$21,$10,1,Clothing,T-shirt,Debit Card,$11,$21.0
B-25899,$22,$9,2,Clothing,Leggings,Debit Card,$13,$11.0
B-25959,$23,$8,2,Clothing,Hankerchief,Debit Card,$15,$11.5
B-25877,$24,$8,2,Clothing,Skirt,Debit Card,$16,$12.0
B-25897,$24,$11,5,Clothing,Hankerchief,Debit Card,$13,$4.8
B-26081,$24,$11,3,Clothing,Hankerchief,Debit Card,$13,$8.0
B-25903,$25,$11,3,Clothing,Leggings,Debit Card,$14,$8.3
B-26086,$25,$2,2,Clothing,Hankerchief,Debit Card,$23,$12.5
B-26061,$27,$8,2,Clothing,T-shirt,Debit Card,$19,$13.5
B-25678,$27,($25),2,Clothing,Shirt,Debit Card,$52,$13.5
B-25925,$27,$12,1,Clothing,Stole,Debit Card,$15,$27.0
B-26100,$34,$10,2,Clothing,T-shirt,Debit Card,$24,$17.0
B-25881,$36,$7,3,Clothing,Leggings,Debit Card,$29,$12.0
B-25673,$37,($5),3,Clothing,T-shirt,Debit Card,$42,$12.3
B-25903,$37,$17,3,Clothing,Hankerchief,Debit Card,$20,$12.3
B-26073,$37,$17,3,Clothing,Hankerchief,Debit Card,$20,$12.3
B-25955,$39,$2,2,Clothing,Saree,Debit Card,$37,$19.5
B-25635,$40,$16,3,Clothing,Hankerchief,Debit Card,$24,$13.3
B-26038,$41,$19,2,Clothing,T-shirt,Debit Card,$22,$20.5
B-26025,$41,$19,5,Clothing,Hankerchief,Debit Card,$22,$8.2
B-25610,$43,$0,3,Clothing,Saree,Debit Card,$43,$14.3
B-25733,$43,($43),7,Clothing,Stole,Debit Card,$86,$6.1
B-25655,$44,($26),3,Clothing,Hankerchief,Debit Card,$70,$14.7
B-25700,$44,($32),3,Clothing,Stole,Debit Card,$76,$14.7
B-25861,$44,$14,3,Clothing,Hankerchief,Debit Card,$30,$14.7
B-25681,$44,($3),1,Clothing,Saree,Debit Card,$47,$44.0
B-25696,$44,$99,3,Clothing,Kurti,Debit Card,($55),$14.7
B-25850,$45,$1,3,Clothing,T-shirt,Debit Card,$44,$15.0
B-25781,$45,($28),2,Clothing,Stole,Debit Card,$73,$22.5
B-25757,$46,$14,5,Clothing,Skirt,Debit Card,$32,$9.2
B-25776,$47,($20),2,Clothing,Kurti,Debit Card,$67,$23.5
B-26032,$47,$15,5,Clothing,Saree,Debit Card,$32,$9.4
B-26001,$50,($10),6,Clothing,Skirt,Debit Card,$60,$8.3
B-25850,$52,$18,5,Clothing,Leggings,Debit Card,$34,$10.4
B-25809,$53,$24,1,Clothing,Hankerchief,Debit Card,$29,$53.0
B-25854,$53,($2),3,Clothing,Saree,Debit Card,$55,$17.7
B-26057,$54,$8,4,Clothing,T-shirt,Debit Card,$46,$13.5
B-25981,$54,$12,3,Clothing,Saree,Debit Card,$42,$18.0
B-25656,$56,$18,2,Clothing,Hankerchief,Debit Card,$38,$28.0
B-25926,$57,$6,5,Clothing,Leggings,Debit Card,$51,$11.4
B-25727,$57,($48),6,Clothing,Leggings,Debit Card,$105,$9.5
B-25625,$59,($30),3,Clothing,Leggings,Debit Card,$89,$19.7
B-26023,$59,$21,2,Clothing,Stole,Debit Card,$38,$29.5
B-26089,$59,$24,6,Clothing,Kurti,Debit Card,$35,$9.8
B-25793,$60,($12),4,Clothing,Hankerchief,Debit Card,$72,$15.0
B-26018,$61,$8,4,Clothing,Hankerchief,Debit Card,$53,$15.3
B-26031,$67,$9,4,Clothing,Leggings,Debit Card,$58,$16.8
B-25640,$68,($62),2,Clothing,Trousers,Debit Card,$130,$34.0
B-25615,$68,$20,5,Clothing,Hankerchief,Debit Card,$48,$13.6
B-25986,$71,$4,5,Clothing,Leggings,Debit Card,$67,$14.2
B-25990,$71,$32,3,Clothing,Saree,Debit Card,$39,$23.7
B-25754,$72,($46),7,Clothing,Kurti,Debit Card,$118,$10.3
B-25903,$74,$33,2,Clothing,Shirt,Debit Card,$41,$37.0
B-26064,$75,$2,5,Clothing,Leggings,Debit Card,$73,$15.0
B-26043,$79,$5,6,Clothing,Hankerchief,Debit Card,$74,$13.2
B-25973,$79,$39,2,Clothing,Shirt,Debit Card,$40,$39.5
B-26050,$79,$32,3,Clothing,Saree,Debit Card,$47,$26.3
B-26002,$80,$22,3,Clothing,Stole,Debit Card,$58,$26.7
B-25953,$81,$41,3,Clothing,Stole,Debit Card,$40,$27.0
B-26039,$83,$34,5,Clothing,Shirt,Debit Card,$49,$16.6
B-26051,$85,$24,10,Clothing,Hankerchief,Debit Card,$61,$8.5
B-25645,$86,$0,4,Clothing,T-shirt,Debit Card,$86,$21.5
B-26066,$86,$22,2,Clothing,Saree,Debit Card,$64,$43.0
B-25844,$86,$8,2,Clothing,Saree,Debit Card,$78,$43.0
B-26054,$88,$19,2,Clothing,Shirt,Debit Card,$69,$44.0
B-25623,$105,$20,2,Clothing,Stole,Debit Card,$85,$52.5
B-25955,$110,$20,5,Clothing,Stole,Debit Card,$90,$22.0
B-25919,$110,$12,7,Clothing,Stole,Debit Card,$98,$15.7
B-26040,$113,$24,4,Clothing,Hankerchief,Debit Card,$89,$28.3
B-25889,$114,$11,4,Clothing,T-shirt,Debit Card,$103,$28.5
B-25850,$117,$36,2,Clothing,Trousers,Debit Card,$81,$58.5
B-25828,$128,($3),3,Clothing,Saree,Debit Card,$131,$42.7
B-25700,$129,($75),5,Clothing,Shirt,Debit Card,$204,$25.8
B-26038,$130,$61,3,Clothing,Shirt,Debit Card,$69,$43.3
B-25630,$133,$12,5,Clothing,Stole,Debit Card,$121,$26.6
B-25943,$137,$38,5,Clothing,Hankerchief,Debit Card,$99,$27.4
B-25949,$140,$57,2,Clothing,Trousers,Debit Card,$83,$70.0
B-26083,$145,$16,3,Clothing,T-shirt,Debit Card,$129,$48.3
B-25659,$148,$72,7,Clothing,T-shirt,Debit Card,$76,$21.1
B-26093,$148,$25,3,Clothing,Saree,Debit Card,$123,$49.3
B-25943,$149,$15,3,Clothing,Saree,Debit Card,$134,$49.7
B-26024,$168,$18,6,Clothing,Stole,Debit Card,$150,$28.0
B-26050,$169,$55,4,Clothing,Saree,Debit Card,$114,$42.3
B-25944,$169,$38,3,Clothing,Saree,Debit Card,$131,$56.3
B-25695,$171,$14,9,Clothing,Shirt,Debit Card,$157,$19.0
B-25941,$177,$41,4,Clothing,Shirt,Debit Card,$136,$44.3
B-26064,$179,$0,2,Clothing,Saree,Debit Card,$179,$89.5
B-25603,$180,$5,3,Clothing,Trousers,Debit Card,$175,$60.0
B-25799,$205,($119),3,Clothing,Saree,Debit Card,$324,$68.3
B-26056,$206,$18,4,Clothing,Hankerchief,Debit Card,$188,$51.5
B-25766,$220,($19),2,Clothing,Saree,Debit Card,$239,$110.0
B-25967,$229,$59,9,Clothing,Saree,Debit Card,$170,$25.4
B-25923,$253,($11),1,Clothing,Trousers,Debit Card,$264,$253.0
B-25793,$257,($252),4,Clothing,Saree,Debit Card,$509,$64.3
B-25876,$282,$14,4,Clothing,Trousers,Debit Card,$268,$70.5
B-25996,$286,$140,6,Clothing,Shirt,Debit Card,$146,$47.7
B-25702,$306,($147),3,Clothing,Saree,Debit Card,$453,$102.0
B-25754,$319,$312,5,Clothing,Saree,Debit Card,$7,$63.8
B-25978,$341,$160,7,Clothing,Stole,Debit Card,$181,$48.7
B-25667,$344,($34),3,Clothing,Saree,Debit Card,$378,$114.7
B-25829,$345,$38,7,Clothing,Hankerchief,Debit Card,$307,$49.3
B-25764,$349,($24),2,Clothing,Saree,Debit Card,$373,$174.5
B-25999,$352,$74,8,Clothing,Stole,Debit Card,$278,$44.0
B-25952,$352,$18,5,Clothing,Trousers,Debit Card,$334,$70.4
B-25769,$355,($4),2,Clothing,Saree,Debit Card,$359,$177.5
B-25687,$357,$139,2,Clothing,Saree,Debit Card,$218,$178.5
B-26053,$425,$208,7,Clothing,Saree,Debit Card,$217,$60.7
B-25622,$534,$0,3,Clothing,Saree,Debit Card,$534,$178.0
B-25656,$534,$0,3,Clothing,Saree,Debit Card,$534,$178.0
B-25796,$559,($19),2,Clothing,Trousers,Debit Card,$578,$279.5
B-25979,$560,$44,3,Clothing,Saree,Debit Card,$516,$186.7
B-25973,$571,$108,12,Clothing,Stole,Debit Card,$463,$47.6
B-25625,$635,($349),5,Clothing,Saree,Debit Card,$984,$127.0
B-25633,$711,($8),4,Clothing,Saree,Debit Card,$719,$177.8
B-25687,$387,($213),5,Clothing,Saree,UPI,$600,$77.4
B-25655,$6,($3),1,Clothing,Hankerchief,UPI,$9,$6.0
B-26095,$6,$1,1,Clothing,Kurti,UPI,$5,$6.0
B-25754,$9,($1),3,Clothing,Skirt,UPI,$10,$3.0
B-25883,$16,($15),4,Clothing,Hankerchief,UPI,$31,$4.0
B-25710,$10,($1),1,Clothing,Leggings,UPI,$11,$10.0
B-25788,$12,$3,1,Clothing,Stole,UPI,$9,$12.0
B-25655,$74,($123),8,Clothing,Skirt,UPI,$197,$9.3
B-25984,$304,$97,6,Clothing,Stole,UPI,$207,$50.7
B-25616,$14,($2),3,Clothing,Hankerchief,UPI,$16,$4.7
B-25853,$39,$16,6,Clothing,Skirt,UPI,$23,$6.5
B-26098,$96,($48),5,Clothing,Leggings,UPI,$144,$19.2
B-25952,$14,$0,4,Clothing,Hankerchief,UPI,$14,$3.5
B-26052,$78,($28),6,Clothing,Kurti,UPI,$106,$13.0
B-25867,$240,$12,6,Clothing,Kurti,UPI,$228,$40.0
B-25896,$31,($11),3,Clothing,Skirt,UPI,$42,$10.3
B-26052,$145,$0,3,Clothing,Saree,UPI,$145,$48.3
B-25905,$152,$50,6,Clothing,Stole,UPI,$102,$25.3
B-25853,$199,$48,4,Clothing,Stole,UPI,$151,$49.8
B-25977,$27,$1,1,Clothing,Stole,UPI,$26,$27.0
B-25810,$29,$8,5,Clothing,Hankerchief,UPI,$21,$5.8
B-25648,$30,$13,1,Clothing,T-shirt,UPI,$17,$30.0
B-25656,$30,($5),5,Clothing,Stole,UPI,$35,$6.0
B-25673,$143,($124),5,Clothing,Saree,UPI,$267,$28.6
B-25867,$31,$14,3,Clothing,Stole,UPI,$17,$10.3
B-26003,$498,($116),4,Clothing,Saree,UPI,$614,$124.5
B-26050,$32,$6,3,Clothing,Shirt,UPI,$26,$10.7
B-25693,$32,($16),6,Clothing,Saree,UPI,$48,$5.3
B-25703,$32,($5),5,Clothing,Hankerchief,UPI,$37,$6.4
B-25898,$33,$13,3,Clothing,Leggings,UPI,$20,$11.0
B-25701,$33,($29),3,Clothing,Shirt,UPI,$62,$11.0
B-25643,$37,($23),4,Clothing,Shirt,UPI,$60,$9.3
B-25891,$121,$41,4,Clothing,Stole,UPI,$80,$30.3
B-25843,$18,$6,3,Clothing,Hankerchief,UPI,$12,$6.0
B-25846,$94,$7,7,Clothing,Leggings,UPI,$87,$13.4
B-25870,$10,$4,1,Clothing,Kurti,UPI,$6,$10.0
B-25985,$32,$8,5,Clothing,Hankerchief,UPI,$24,$6.4
B-26023,$66,$22,3,Clothing,Stole,UPI,$44,$22.0
B-26021,$49,$21,1,Clothing,Stole,UPI,$28,$49.0
B-25913,$103,$21,7,Clothing,Stole,UPI,$82,$14.7
B-25943,$48,$20,4,Clothing,Stole,UPI,$28,$12.0
B-25955,$54,$14,3,Clothing,T-shirt,UPI,$40,$18.0
B-25777,$59,($46),7,Clothing,T-shirt,UPI,$105,$8.4
B-26096,$45,$9,3,Clothing,Leggings,UPI,$36,$15.0
B-25710,$25,$0,4,Clothing,Skirt,UPI,$25,$6.3
B-25987,$88,$11,7,Clothing,Hankerchief,UPI,$77,$12.6
B-26091,$29,$10,4,Clothing,Hankerchief,UPI,$19,$7.3
B-25691,$75,($25),3,Clothing,Stole,UPI,$100,$25.0
B-25953,$67,$20,4,Clothing,T-shirt,UPI,$47,$16.8
B-25910,$685,$7,7,Clothing,Trousers,UPI,$678,$97.9
B-25657,$32,($22),5,Clothing,Saree,UPI,$54,$6.4
B-26042,$36,$15,3,Clothing,Stole,UPI,$21,$12.0
B-25800,$45,$12,7,Clothing,Hankerchief,UPI,$33,$6.4
B-25754,$19,$0,3,Clothing,Skirt,UPI,$19,$6.3
B-25673,$44,($17),5,Clothing,Saree,UPI,$61,$8.8
B-26043,$30,$12,3,Clothing,Skirt,UPI,$18,$10.0
B-25853,$30,$14,3,Clothing,Hankerchief,UPI,$16,$10.0
B-26030,$89,$36,3,Clothing,Shirt,UPI,$53,$29.7
B-25893,$83,$12,3,Clothing,Stole,UPI,$71,$27.7
B-25709,$33,($12),7,Clothing,Saree,UPI,$45,$4.7
B-26081,$93,($84),3,Clothing,Saree,UPI,$177,$31.0
B-25999,$93,($65),4,Clothing,Stole,UPI,$158,$23.3
B-25891,$97,$36,7,Clothing,Hankerchief,UPI,$61,$13.9
B-25743,$99,($5),1,Clothing,Saree,UPI,$104,$99.0
B-25736,$31,($7),5,Clothing,Skirt,UPI,$38,$6.2
B-25802,$25,($7),5,Clothing,Saree,UPI,$32,$5.0
B-25834,$16,$5,1,Clothing,Stole,UPI,$11,$16.0
B-25796,$37,($6),1,Clothing,Saree,UPI,$43,$37.0
B-25751,$10,($8),1,Clothing,Kurti,UPI,$18,$10.0
B-25647,$42,($6),4,Clothing,Saree,UPI,$48,$10.5
B-25985,$108,$26,4,Clothing,Shirt,UPI,$82,$27.0
B-25637,$117,$14,3,Clothing,Shirt,UPI,$103,$39.0
B-25783,$33,($10),6,Clothing,Leggings,UPI,$43,$5.5
B-25898,$147,$73,3,Clothing,Stole,UPI,$74,$49.0
B-25743,$143,($124),5,Clothing,Saree,UPI,$267,$28.6
B-25878,$140,$15,5,Clothing,Stole,UPI,$125,$28.0
B-26096,$140,$56,4,Clothing,Shirt,UPI,$84,$35.0
B-25892,$139,$30,3,Clothing,Shirt,UPI,$109,$46.3
B-26054,$138,$11,5,Clothing,Stole,UPI,$127,$27.6
B-25950,$133,$5,5,Clothing,Stole,UPI,$128,$26.6
B-26056,$47,$20,7,Clothing,Hankerchief,UPI,$27,$6.7
B-26051,$80,$22,3,Clothing,Stole,UPI,$58,$26.7
B-25992,$141,$41,3,Clothing,Shirt,UPI,$100,$47.0
B-25716,$58,$0,4,Clothing,Saree,UPI,$58,$14.5
B-25652,$21,($13),3,Clothing,Leggings,UPI,$34,$7.0
B-25921,$170,$19,5,Clothing,T-shirt,UPI,$151,$34.0
B-25750,$42,($15),12,Clothing,Skirt,UPI,$57,$3.5
B-25833,$64,$27,5,Clothing,Hankerchief,UPI,$37,$12.8
B-25818,$75,$28,9,Clothing,Hankerchief,UPI,$47,$8.3
B-25721,$29,($18),7,Clothing,Skirt,UPI,$47,$4.1
B-26056,$70,$24,3,Clothing,Stole,UPI,$46,$23.3
B-25651,$44,($8),3,Clothing,Stole,UPI,$52,$14.7
B-25783,$25,($11),1,Clothing,Stole,UPI,$36,$25.0
B-25754,$41,($14),5,Clothing,Leggings,UPI,$55,$8.2
B-25969,$171,$17,6,Clothing,T-shirt,UPI,$154,$28.5
B-25945,$60,$3,3,Clothing,Saree,UPI,$57,$20.0
B-25721,$191,$51,5,Clothing,Shirt,UPI,$140,$38.2
B-25976,$193,$8,4,Clothing,T-shirt,UPI,$185,$48.3
B-25996,$189,$4,1,Clothing,Saree,UPI,$185,$189.0
B-25755,$80,($19),5,Clothing,Stole,UPI,$99,$16.0
B-26070,$75,$29,1,Clothing,Trousers,UPI,$46,$75.0
B-25604,$157,$5,9,Clothing,Saree,UPI,$152,$17.4
B-26081,$79,$33,4,Clothing,Stole,UPI,$46,$19.8
B-25901,$158,$38,3,Clothing,Hankerchief,UPI,$120,$52.7
B-25989,$338,$41,7,Clothing,Hankerchief,UPI,$297,$48.3
B-25851,$237,$47,9,Clothing,T-shirt,UPI,$190,$26.3
B-25883,$146,$42,5,Clothing,Hankerchief,UPI,$104,$29.2
B-26043,$185,$48,4,Clothing,Stole,UPI,$137,$46.3
B-25812,$259,$47,5,Clothing,Hankerchief,UPI,$212,$51.8
B-25811,$126,$52,4,Clothing,Hankerchief,UPI,$74,$31.5
B-26016,$74,$9,3,Clothing,Shirt,UPI,$65,$24.7
B-26043,$122,$50,7,Clothing,Stole,UPI,$72,$17.4
B-25743,$74,($51),3,Clothing,Stole,UPI,$125,$24.7
B-25738,$72,($6),3,Clothing,Saree,UPI,$78,$24.0
B-25799,$70,($64),5,Clothing,Stole,UPI,$134,$14.0
B-26067,$67,$2,4,Clothing,T-shirt,UPI,$65,$16.8
B-25601,$66,($12),5,Clothing,Stole,UPI,$78,$13.2
B-26077,$62,$11,7,Clothing,Hankerchief,UPI,$51,$8.9
B-26043,$62,$28,5,Clothing,Hankerchief,UPI,$34,$12.4
B-25958,$360,$32,3,Clothing,Saree,UPI,$328,$120.0
B-25936,$61,$25,4,Clothing,Saree,UPI,$36,$15.3
B-25687,$17,$6,1,Clothing,Stole,UPI,$11,$17.0
B-25648,$55,($26),4,Clothing,Saree,UPI,$81,$13.8
B-25710,$53,($18),4,Clothing,T-shirt,UPI,$71,$13.3
B-25748,$141,$10,4,Clothing,Shirt,UPI,$131,$35.3
B-25777,$69,($67),4,Clothing,Kurti,UPI,$136,$17.3
B-25689,$149,$136,3,Clothing,Stole,UPI,$13,$49.7
B-26045,$179,$77,1,Clothing,Saree,UPI,$102,$179.0
B-25870,$473,($113),9,Clothing,Hankerchief,UPI,$586,$52.6
B-25752,$91,$15,6,Clothing,T-shirt,UPI,$76,$15.2
B-26051,$184,$85,6,Clothing,T-shirt,UPI,$99,$30.7
B-25854,$436,$131,9,Clothing,Hankerchief,UPI,$305,$48.4
B-25683,$148,$52,5,Clothing,Stole,UPI,$96,$29.6
B-25636,$637,$113,5,Clothing,Saree,UPI,$524,$127.4
B-26073,$290,$110,9,Clothing,Stole,UPI,$180,$32.2
B-25898,$191,$93,4,Clothing,Shirt,UPI,$98,$47.8
B-26073,$29,$9,3,Clothing,Saree,UPI,$20,$9.7
B-26045,$27,$5,1,Clothing,Stole,UPI,$22,$27.0
B-25672,$27,($15),1,Clothing,Stole,UPI,$42,$27.0
B-25961,$26,$3,3,Clothing,Skirt,UPI,$23,$8.7
B-25810,$26,$10,4,Clothing,Hankerchief,UPI,$16,$6.5
B-25652,$25,($2),5,Clothing,Hankerchief,UPI,$27,$5.0
B-25671,$832,$0,3,Clothing,Trousers,UPI,$832,$277.3
B-26040,$833,$93,3,Clothing,Trousers,UPI,$740,$277.7
B-26048,"$1,104",$209,4,Clothing,Trousers,UPI,$895,$276.0
B-25864,$17,$5,1,Clothing,Hankerchief,UPI,$12,$17.0
B-25757,$17,$7,3,Clothing,Hankerchief,UPI,$10,$5.7
B-25786,$17,($11),3,Clothing,Skirt,UPI,$28,$5.7
B-25755,$321,$315,5,Clothing,Saree,UPI,$6,$64.2
B-26099,"$2,366",$552,5,Clothing,Trousers,UPI,"$1,814",$473.2
B-25735,$15,($7),1,Clothing,Hankerchief,UPI,$22,$15.0
B-26097,$14,$5,1,Clothing,Hankerchief,UPI,$9,$14.0
B-25950,$13,$4,1,Clothing,Leggings,UPI,$9,$13.0
B-25643,$50,($44),2,Clothing,Hankerchief,UPI,$94,$25.0
B-25735,$7,($1),2,Clothing,Skirt,UPI,$8,$3.5
B-26001,$8,$2,2,Clothing,Skirt,UPI,$6,$4.0
B-25618,$12,$0,2,Clothing,Hankerchief,UPI,$12,$6.0
B-25723,$12,($7),2,Clothing,Leggings,UPI,$19,$6.0
B-25991,$13,$5,2,Clothing,Hankerchief,UPI,$8,$6.5
B-25670,$24,$1,2,Clothing,Hankerchief,UPI,$23,$12.0
B-25658,$27,$9,2,Clothing,T-shirt,UPI,$18,$13.5
B-25818,$32,$11,2,Clothing,Leggings,UPI,$21,$16.0
B-25797,$31,$1,2,Clothing,Hankerchief,UPI,$30,$15.5
B-25933,$207,($100),2,Clothing,Saree,UPI,$307,$103.5
B-26088,$11,$5,2,Clothing,Hankerchief,UPI,$6,$5.5
B-25791,$253,($63),2,Clothing,Saree,UPI,$316,$126.5
B-25699,$49,($31),2,Clothing,Stole,UPI,$80,$24.5
B-26055,$57,$7,2,Clothing,Shirt,UPI,$50,$28.5
B-25635,$23,$2,2,Clothing,Skirt,UPI,$21,$11.5
B-25835,$27,$2,2,Clothing,Leggings,UPI,$25,$13.5
B-25959,$32,$2,2,Clothing,Kurti,UPI,$30,$16.0
B-25853,$26,$11,2,Clothing,Hankerchief,UPI,$15,$13.0
B-25981,$62,$8,2,Clothing,T-shirt,UPI,$54,$31.0
B-25604,$65,$17,2,Clothing,T-shirt,UPI,$48,$32.5
B-25886,$89,$17,2,Clothing,Stole,UPI,$72,$44.5
B-26056,$101,$11,2,Clothing,Hankerchief,UPI,$90,$50.5
B-25654,$229,($23),2,Clothing,Saree,UPI,$252,$114.5
B-25951,$89,$29,2,Clothing,Stole,UPI,$60,$44.5
B-25773,$437,($14),2,Clothing,Saree,UPI,$451,$218.5
B-26010,$85,$13,2,Clothing,Shirt,UPI,$72,$42.5
B-26076,$91,$22,2,Clothing,Stole,UPI,$69,$45.5
B-26082,$95,$5,2,Clothing,Stole,UPI,$90,$47.5
B-26097,$97,$12,2,Clothing,Hankerchief,UPI,$85,$48.5
B-25625,$97,$29,2,Clothing,Hankerchief,UPI,$68,$48.5
B-25920,$100,$7,2,Clothing,T-shirt,UPI,$93,$50.0
B-25917,$100,$12,2,Clothing,T-shirt,UPI,$88,$50.0
B-25742,$11,($8),2,Clothing,Skirt,UPI,$19,$5.5
B-26098,$59,$15,2,Clothing,T-shirt,UPI,$44,$29.5
B-25654,$105,$46,2,Clothing,Stole,UPI,$59,$52.5
B-25861,$56,$18,2,Clothing,Hankerchief,UPI,$38,$28.0
B-26086,$43,$17,2,Clothing,T-shirt,UPI,$26,$21.5
B-25762,$98,($5),2,Clothing,Saree,UPI,$103,$49.0
B-25843,$45,$0,2,Clothing,Stole,UPI,$45,$22.5
B-26078,$44,$20,2,Clothing,T-shirt,UPI,$24,$22.0
B-25755,$47,($3),2,Clothing,Stole,UPI,$50,$23.5
B-25732,$16,($5),2,Clothing,Stole,UPI,$21,$8.0
B-25830,$54,$1,2,Clothing,Saree,UPI,$53,$27.0
B-25678,$7,($3),2,Clothing,Skirt,UPI,$10,$3.5
B-25901,$61,$28,2,Clothing,Hankerchief,UPI,$33,$30.5
B-25703,$17,($3),2,Clothing,Stole,UPI,$20,$8.5
B-26049,$100,$28,2,Clothing,Hankerchief,UPI,$72,$50.0
B-25755,$26,$4,2,Clothing,Saree,UPI,$22,$13.0
B-25983,$230,$5,2,Clothing,Saree,UPI,$225,$115.0
B-25853,$199,$6,2,Clothing,Saree,UPI,$193,$99.5
B-25746,$87,$16,2,Clothing,Saree,UPI,$71,$43.5
B-26002,$113,$28,2,Clothing,Saree,UPI,$85,$56.5
B-26061,$109,$52,2,Clothing,Stole,UPI,$57,$54.5
B-25855,$61,$30,2,Clothing,Hankerchief,UPI,$31,$30.5
B-25808,$59,$21,2,Clothing,Stole,UPI,$38,$29.5
B-25979,$57,$27,2,Clothing,Shirt,UPI,$30,$28.5
B-25851,$103,$46,2,Clothing,Saree,UPI,$57,$51.5
B-25783,$30,($6),2,Clothing,Hankerchief,UPI,$36,$15.0
B-25951,$30,$5,2,Clothing,Kurti,UPI,$25,$15.0
B-25754,$30,($23),2,Clothing,Saree,UPI,$53,$15.0
B-25653,$28,($3),2,Clothing,Saree,UPI,$31,$14.0
B-25650,$28,($26),2,Clothing,Stole,UPI,$54,$14.0
B-25725,$26,($5),2,Clothing,Stole,UPI,$31,$13.0
B-25891,$25,$2,2,Clothing,Hankerchief,UPI,$23,$12.5
B-26003,$17,$2,2,Clothing,Skirt,UPI,$15,$8.5
B-25723,$16,($12),2,Clothing,Stole,UPI,$28,$8.0
B-26070,$14,$7,2,Clothing,Hankerchief,UPI,$7,$7.0
